experiment,kind,seed,fold,auc,acc,sen,spec,f1,balanced_acc,best_epoch,epochs_trained,stopping_reason,stage
EXP-PROP-001,proposal,1234,Set_0,0.9974747474747474,0.975,0.9545454545454546,1.0,0.9767441860465117,0.9772727272727273,11.0,42.0,early_stopping,
EXP-PROP-001,proposal,1234,Set_1,0.9140625,0.825,0.875,0.7916666666666666,0.7999999999999999,0.8333333333333333,32.0,63.0,early_stopping,
EXP-PROP-001,proposal,1234,Set_2,0.99,0.875,0.75,1.0,0.8571428571428571,0.875,29.0,60.0,early_stopping,
EXP-PROP-001,proposal,1234,Set_3,0.9646464646464648,0.925,0.9090909090909091,0.9444444444444444,0.9302325581395349,0.9267676767676767,44.0,75.0,early_stopping,
EXP-PROP-001,proposal,100,Set_0,0.9671717171717172,0.85,0.9090909090909091,0.7777777777777778,0.8695652173913043,0.8434343434343434,6.0,37.0,early_stopping,
EXP-PROP-001,proposal,100,Set_1,0.9427083333333333,0.775,0.5625,0.9166666666666666,0.6666666666666666,0.7395833333333333,24.0,55.0,early_stopping,
EXP-PROP-001,proposal,100,Set_2,1.0,0.975,1.0,0.95,0.975609756097561,0.975,54.0,85.0,early_stopping,
EXP-PROP-001,proposal,100,Set_3,0.9368686868686869,0.825,0.6818181818181818,1.0,0.8108108108108109,0.8409090909090908,26.0,57.0,early_stopping,
EXP-PROP-001,proposal,0,Set_0,0.9722222222222223,0.875,0.9090909090909091,0.8333333333333334,0.888888888888889,0.8712121212121212,10.0,41.0,early_stopping,
EXP-PROP-001,proposal,0,Set_1,0.8515625,0.75,0.625,0.8333333333333334,0.6666666666666666,0.7291666666666667,35.0,66.0,early_stopping,
EXP-PROP-001,proposal,0,Set_2,0.9924999999999999,0.875,0.75,1.0,0.8571428571428571,0.875,37.0,68.0,early_stopping,
EXP-PROP-001,proposal,0,Set_3,0.98989898989899,0.925,0.9545454545454546,0.8888888888888888,0.9333333333333332,0.9217171717171717,55.0,86.0,early_stopping,
EXP-PROP-001,proposal,2024,Set_0,0.9898989898989898,0.725,1.0,0.3888888888888889,0.8,0.6944444444444444,25.0,56.0,early_stopping,
EXP-PROP-001,proposal,2024,Set_1,0.8984375,0.9,0.8125,0.9583333333333334,0.8666666666666666,0.8854166666666667,24.0,55.0,early_stopping,
EXP-PROP-001,proposal,2024,Set_2,0.9925,0.95,1.0,0.9,0.9523809523809523,0.95,51.0,82.0,early_stopping,
EXP-PROP-001,proposal,2024,Set_3,0.9116161616161617,0.775,0.7727272727272727,0.7777777777777778,0.7906976744186046,0.7752525252525253,19.0,50.0,early_stopping,
EXP-PROP-001,proposal,42,Set_0,0.9444444444444444,0.825,0.7272727272727273,0.9444444444444444,0.8205128205128205,0.8358585858585859,5.0,36.0,early_stopping,
EXP-PROP-001,proposal,42,Set_1,0.8645833333333333,0.775,0.6875,0.8333333333333334,0.7096774193548386,0.7604166666666667,4.0,35.0,early_stopping,
EXP-PROP-001,proposal,42,Set_2,0.98,0.9,0.95,0.85,0.9047619047619048,0.8999999999999999,3.0,34.0,early_stopping,
EXP-PROP-001,proposal,42,Set_3,0.9217171717171717,0.75,0.5454545454545454,1.0,0.7058823529411764,0.7727272727272727,9.0,40.0,early_stopping,
EXP-PROP-001,proposal,3,Set_0,0.9722222222222222,0.875,0.8181818181818182,0.9444444444444444,0.8780487804878049,0.8813131313131313,33.0,64.0,early_stopping,
EXP-PROP-001,proposal,3,Set_1,0.8802083333333334,0.875,0.8125,0.9166666666666666,0.8387096774193549,0.8645833333333333,5.0,36.0,early_stopping,
EXP-PROP-001,proposal,3,Set_2,0.9775,0.825,0.95,0.7,0.8444444444444444,0.825,9.0,40.0,early_stopping,
EXP-PROP-001,proposal,3,Set_3,0.9242424242424243,0.825,0.8181818181818182,0.8333333333333334,0.8372093023255814,0.8257575757575758,35.0,66.0,early_stopping,
EXP-PROP-001,proposal,123,Set_0,0.9671717171717171,0.85,0.7727272727272727,0.9444444444444444,0.85,0.8585858585858586,17.0,48.0,early_stopping,
EXP-PROP-001,proposal,123,Set_1,0.8932291666666666,0.8,0.875,0.75,0.7777777777777777,0.8125,18.0,49.0,early_stopping,
EXP-PROP-001,proposal,123,Set_2,0.9750000000000001,0.925,0.85,1.0,0.9189189189189189,0.925,47.0,78.0,early_stopping,
EXP-PROP-001,proposal,123,Set_3,0.8888888888888888,0.8,0.8181818181818182,0.7777777777777778,0.8181818181818182,0.797979797979798,8.0,39.0,early_stopping,
EXP-PROP-001,proposal,13,Set_0,0.9292929292929294,0.85,0.9545454545454546,0.7222222222222222,0.875,0.8383838383838385,10.0,41.0,early_stopping,
EXP-PROP-001,proposal,13,Set_1,0.8776041666666666,0.8,0.75,0.8333333333333334,0.75,0.7916666666666667,15.0,46.0,early_stopping,
EXP-PROP-001,proposal,13,Set_2,1.0,0.925,1.0,0.85,0.9302325581395349,0.925,50.0,81.0,early_stopping,
EXP-PROP-001,proposal,13,Set_3,0.9040404040404041,0.775,0.7727272727272727,0.7777777777777778,0.7906976744186046,0.7752525252525253,36.0,67.0,early_stopping,
EXP-PROP-001,proposal,64,Set_0,0.9520202020202021,0.9,0.8636363636363636,0.9444444444444444,0.9047619047619048,0.904040404040404,25.0,56.0,early_stopping,
EXP-PROP-001,proposal,64,Set_1,0.8463541666666667,0.75,0.5,0.9166666666666666,0.6153846153846154,0.7083333333333333,5.0,36.0,early_stopping,
EXP-PROP-001,proposal,64,Set_2,0.9750000000000001,0.9,0.95,0.85,0.9047619047619048,0.8999999999999999,8.0,39.0,early_stopping,
EXP-PROP-001,proposal,64,Set_3,0.9318181818181819,0.85,0.7727272727272727,0.9444444444444444,0.85,0.8585858585858586,27.0,58.0,early_stopping,
EXP-PROP-001,proposal,2026,Set_0,0.9696969696969697,0.9,0.8636363636363636,0.9444444444444444,0.9047619047619048,0.904040404040404,7.0,38.0,early_stopping,
EXP-PROP-001,proposal,2026,Set_1,0.8776041666666666,0.825,0.8125,0.8333333333333334,0.787878787878788,0.8229166666666667,4.0,35.0,early_stopping,
EXP-PROP-001,proposal,2026,Set_2,0.9750000000000001,0.9,0.95,0.85,0.9047619047619048,0.8999999999999999,5.0,36.0,early_stopping,
EXP-PROP-001,proposal,2026,Set_3,0.8737373737373737,0.775,0.6363636363636364,0.9444444444444444,0.7567567567567568,0.7904040404040404,2.0,33.0,early_stopping,
EXP-PROP-002,proposal,1234,Set_0,0.9949494949494949,0.875,1.0,0.7222222222222222,0.8979591836734693,0.8611111111111112,17.0,48.0,early_stopping,
EXP-PROP-002,proposal,1234,Set_1,0.9088541666666666,0.75,0.625,0.8333333333333334,0.6666666666666666,0.7291666666666667,19.0,50.0,early_stopping,
EXP-PROP-002,proposal,1234,Set_2,0.9750000000000001,0.925,0.85,1.0,0.9189189189189189,0.925,4.0,35.0,early_stopping,
EXP-PROP-002,proposal,1234,Set_3,0.9191919191919192,0.85,0.8636363636363636,0.8333333333333334,0.8636363636363636,0.8484848484848485,20.0,51.0,early_stopping,
EXP-PROP-002,proposal,100,Set_0,0.9747474747474749,0.85,1.0,0.6666666666666666,0.88,0.8333333333333333,22.0,53.0,early_stopping,
EXP-PROP-002,proposal,100,Set_1,0.8932291666666666,0.825,0.9375,0.75,0.8108108108108109,0.84375,5.0,36.0,early_stopping,
EXP-PROP-002,proposal,100,Set_2,0.97,0.925,1.0,0.85,0.9302325581395349,0.925,7.0,38.0,early_stopping,
EXP-PROP-002,proposal,100,Set_3,0.8863636363636365,0.775,0.8181818181818182,0.7222222222222222,0.8,0.7702020202020202,23.0,54.0,early_stopping,
EXP-PROP-002,proposal,0,Set_0,0.9797979797979799,0.85,0.7272727272727273,1.0,0.8421052631578948,0.8636363636363636,51.0,82.0,early_stopping,
EXP-PROP-002,proposal,0,Set_1,0.9036458333333334,0.775,0.625,0.875,0.6896551724137931,0.75,9.0,40.0,early_stopping,
EXP-PROP-002,proposal,0,Set_2,0.9724999999999999,0.925,0.85,1.0,0.9189189189189189,0.925,2.0,33.0,early_stopping,
EXP-PROP-002,proposal,0,Set_3,0.9191919191919192,0.8,0.7727272727272727,0.8333333333333334,0.8095238095238095,0.803030303030303,30.0,61.0,early_stopping,
EXP-PROP-002,proposal,2024,Set_0,0.9772727272727273,0.9,0.9545454545454546,0.8333333333333334,0.9130434782608695,0.893939393939394,13.0,44.0,early_stopping,
EXP-PROP-002,proposal,2024,Set_1,0.9036458333333334,0.85,0.6875,0.9583333333333334,0.7857142857142857,0.8229166666666667,5.0,36.0,early_stopping,
EXP-PROP-002,proposal,2024,Set_2,0.9775,0.925,0.85,1.0,0.9189189189189189,0.925,3.0,34.0,early_stopping,
EXP-PROP-002,proposal,2024,Set_3,0.8964646464646465,0.775,0.6818181818181818,0.8888888888888888,0.7692307692307693,0.7853535353535352,14.0,45.0,early_stopping,
EXP-PROP-002,proposal,42,Set_0,0.9595959595959597,0.9,0.9090909090909091,0.8888888888888888,0.9090909090909091,0.898989898989899,5.0,36.0,early_stopping,
EXP-PROP-002,proposal,42,Set_1,0.9401041666666666,0.8,1.0,0.6666666666666666,0.8,0.8333333333333333,55.0,86.0,early_stopping,
EXP-PROP-002,proposal,42,Set_2,0.9775,0.825,0.95,0.7,0.8444444444444444,0.825,3.0,34.0,early_stopping,
EXP-PROP-002,proposal,42,Set_3,0.9015151515151515,0.8,0.7272727272727273,0.8888888888888888,0.7999999999999999,0.8080808080808081,27.0,58.0,early_stopping,
EXP-PROP-002,proposal,3,Set_0,0.9621212121212122,0.825,1.0,0.6111111111111112,0.8627450980392156,0.8055555555555556,40.0,71.0,early_stopping,
EXP-PROP-002,proposal,3,Set_1,0.9088541666666667,0.775,0.625,0.875,0.6896551724137931,0.75,24.0,55.0,early_stopping,
EXP-PROP-002,proposal,3,Set_2,0.9725,0.8,0.95,0.65,0.8260869565217392,0.8,3.0,34.0,early_stopping,
EXP-PROP-002,proposal,3,Set_3,0.898989898989899,0.775,0.8181818181818182,0.7222222222222222,0.8,0.7702020202020202,16.0,47.0,early_stopping,
EXP-PROP-002,proposal,123,Set_0,0.9898989898989898,0.9,0.8636363636363636,0.9444444444444444,0.9047619047619048,0.904040404040404,17.0,48.0,early_stopping,
EXP-PROP-002,proposal,123,Set_1,0.8984375,0.85,0.75,0.9166666666666666,0.7999999999999999,0.8333333333333333,5.0,36.0,early_stopping,
EXP-PROP-002,proposal,123,Set_2,0.97,0.875,0.95,0.8,0.8837209302325583,0.875,3.0,34.0,early_stopping,
EXP-PROP-002,proposal,123,Set_3,0.8762626262626263,0.8,0.8636363636363636,0.7222222222222222,0.8260869565217391,0.7929292929292929,0.0,31.0,early_stopping,
EXP-PROP-002,proposal,13,Set_0,0.9722222222222223,0.85,0.7272727272727273,1.0,0.8421052631578948,0.8636363636363636,27.0,58.0,early_stopping,
EXP-PROP-002,proposal,13,Set_1,0.890625,0.75,0.4375,0.9583333333333334,0.5833333333333334,0.6979166666666667,54.0,85.0,early_stopping,
EXP-PROP-002,proposal,13,Set_2,0.9775,0.9,0.85,0.95,0.8947368421052632,0.8999999999999999,5.0,36.0,early_stopping,
EXP-PROP-002,proposal,13,Set_3,0.8863636363636364,0.8,0.6818181818181818,0.9444444444444444,0.7894736842105263,0.8131313131313131,9.0,40.0,early_stopping,
EXP-PROP-002,proposal,64,Set_0,0.9797979797979799,0.9,0.8636363636363636,0.9444444444444444,0.9047619047619048,0.904040404040404,16.0,47.0,early_stopping,
EXP-PROP-002,proposal,64,Set_1,0.9036458333333334,0.775,0.625,0.875,0.6896551724137931,0.75,8.0,39.0,early_stopping,
EXP-PROP-002,proposal,64,Set_2,0.9724999999999999,0.825,0.95,0.7,0.8444444444444444,0.825,3.0,34.0,early_stopping,
EXP-PROP-002,proposal,64,Set_3,0.9116161616161617,0.775,0.6363636363636364,0.9444444444444444,0.7567567567567568,0.7904040404040404,23.0,54.0,early_stopping,
EXP-PROP-002,proposal,2026,Set_0,0.9797979797979798,0.9,0.9545454545454546,0.8333333333333334,0.9130434782608695,0.893939393939394,53.0,84.0,early_stopping,
EXP-PROP-002,proposal,2026,Set_1,0.8828125,0.775,0.9375,0.6666666666666666,0.7692307692307693,0.8020833333333333,19.0,50.0,early_stopping,
EXP-PROP-002,proposal,2026,Set_2,0.9800000000000001,0.925,0.9,0.95,0.9230769230769231,0.925,2.0,33.0,early_stopping,
EXP-PROP-002,proposal,2026,Set_3,0.8863636363636364,0.825,0.6818181818181818,1.0,0.8108108108108109,0.8409090909090908,35.0,66.0,early_stopping,
EXP-PROP-003,proposal,1234,Set_0,0.9772727272727272,0.925,0.9545454545454546,0.8888888888888888,0.9333333333333332,0.9217171717171717,8.0,39.0,early_stopping,
EXP-PROP-003,proposal,1234,Set_1,0.921875,0.875,0.875,0.875,0.8484848484848485,0.875,11.0,42.0,early_stopping,
EXP-PROP-003,proposal,1234,Set_2,0.9750000000000001,0.95,0.95,0.95,0.9500000000000001,0.95,4.0,35.0,early_stopping,
EXP-PROP-003,proposal,1234,Set_3,0.9090909090909091,0.75,0.5454545454545454,1.0,0.7058823529411764,0.7727272727272727,20.0,51.0,early_stopping,
EXP-PROP-003,proposal,100,Set_0,0.9545454545454546,0.85,0.8636363636363636,0.8333333333333334,0.8636363636363636,0.8484848484848485,14.0,45.0,early_stopping,
EXP-PROP-003,proposal,100,Set_1,0.875,0.75,0.4375,0.9583333333333334,0.5833333333333334,0.6979166666666667,6.0,37.0,early_stopping,
EXP-PROP-003,proposal,100,Set_2,0.9650000000000001,0.875,0.9,0.85,0.8780487804878048,0.875,10.0,41.0,early_stopping,
EXP-PROP-003,proposal,100,Set_3,0.893939393939394,0.75,0.6363636363636364,0.8888888888888888,0.7368421052631579,0.7626262626262625,29.0,60.0,early_stopping,
EXP-PROP-003,proposal,0,Set_0,0.9747474747474749,0.85,0.7727272727272727,0.9444444444444444,0.85,0.8585858585858586,15.0,46.0,early_stopping,
EXP-PROP-003,proposal,0,Set_1,0.8411458333333335,0.725,1.0,0.5416666666666666,0.7441860465116279,0.7708333333333333,10.0,41.0,early_stopping,
EXP-PROP-003,proposal,0,Set_2,0.98,0.925,0.85,1.0,0.9189189189189189,0.925,2.0,33.0,early_stopping,
EXP-PROP-003,proposal,0,Set_3,0.8939393939393939,0.775,0.8181818181818182,0.7222222222222222,0.8,0.7702020202020202,1.0,32.0,early_stopping,
EXP-PROP-003,proposal,2024,Set_0,0.9873737373737373,0.9,0.8181818181818182,1.0,0.9,0.9090909090909092,16.0,47.0,early_stopping,
EXP-PROP-003,proposal,2024,Set_1,0.8958333333333334,0.775,1.0,0.625,0.7804878048780487,0.8125,5.0,36.0,early_stopping,
EXP-PROP-003,proposal,2024,Set_2,0.98,0.75,1.0,0.5,0.8,0.75,0.0,31.0,early_stopping,
EXP-PROP-003,proposal,2024,Set_3,0.8813131313131313,0.7,0.5909090909090909,0.8333333333333334,0.6842105263157896,0.7121212121212122,11.0,42.0,early_stopping,
EXP-PROP-003,proposal,42,Set_0,0.9621212121212122,0.85,1.0,0.6666666666666666,0.88,0.8333333333333333,21.0,52.0,early_stopping,
EXP-PROP-003,proposal,42,Set_1,0.8854166666666666,0.775,0.625,0.875,0.6896551724137931,0.75,22.0,53.0,early_stopping,
EXP-PROP-003,proposal,42,Set_2,0.98,0.9,0.95,0.85,0.9047619047619048,0.8999999999999999,3.0,34.0,early_stopping,
EXP-PROP-003,proposal,42,Set_3,0.898989898989899,0.75,0.6363636363636364,0.8888888888888888,0.7368421052631579,0.7626262626262625,9.0,40.0,early_stopping,
EXP-PROP-003,proposal,3,Set_0,0.9570707070707072,0.8,0.9545454545454546,0.6111111111111112,0.84,0.7828282828282829,11.0,42.0,early_stopping,
EXP-PROP-003,proposal,3,Set_1,0.890625,0.825,0.75,0.875,0.7741935483870969,0.8125,3.0,34.0,early_stopping,
EXP-PROP-003,proposal,3,Set_2,0.9675,0.825,0.95,0.7,0.8444444444444444,0.825,3.0,34.0,early_stopping,
EXP-PROP-003,proposal,3,Set_3,0.9090909090909092,0.8,0.7272727272727273,0.8888888888888888,0.7999999999999999,0.8080808080808081,10.0,41.0,early_stopping,
EXP-PROP-003,proposal,123,Set_0,0.9848484848484849,0.95,0.9545454545454546,0.9444444444444444,0.9545454545454546,0.9494949494949495,10.0,41.0,early_stopping,
EXP-PROP-003,proposal,123,Set_1,0.8802083333333334,0.775,0.625,0.875,0.6896551724137931,0.75,7.0,38.0,early_stopping,
EXP-PROP-003,proposal,123,Set_2,0.9650000000000001,0.9,0.9,0.9,0.9,0.9,7.0,38.0,early_stopping,
EXP-PROP-003,proposal,123,Set_3,0.888888888888889,0.75,0.6818181818181818,0.8333333333333334,0.7499999999999999,0.7575757575757576,13.0,44.0,early_stopping,
EXP-PROP-003,proposal,13,Set_0,0.9570707070707071,0.9,0.8636363636363636,0.9444444444444444,0.9047619047619048,0.904040404040404,6.0,37.0,early_stopping,
EXP-PROP-003,proposal,13,Set_1,0.8541666666666666,0.775,0.75,0.7916666666666666,0.7272727272727272,0.7708333333333333,17.0,48.0,early_stopping,
EXP-PROP-003,proposal,13,Set_2,0.9775,0.9,0.95,0.85,0.9047619047619048,0.8999999999999999,3.0,34.0,early_stopping,
EXP-PROP-003,proposal,13,Set_3,0.8939393939393939,0.8,0.6363636363636364,1.0,0.7777777777777778,0.8181818181818181,32.0,63.0,early_stopping,
EXP-PROP-003,proposal,64,Set_0,0.9722222222222223,0.9,0.9545454545454546,0.8333333333333334,0.9130434782608695,0.893939393939394,7.0,38.0,early_stopping,
EXP-PROP-003,proposal,64,Set_1,0.8828125,0.725,0.5625,0.8333333333333334,0.6206896551724138,0.6979166666666667,16.0,47.0,early_stopping,
EXP-PROP-003,proposal,64,Set_2,0.97,0.85,0.95,0.75,0.8636363636363635,0.85,3.0,34.0,early_stopping,
EXP-PROP-003,proposal,64,Set_3,0.9090909090909092,0.775,0.6818181818181818,0.8888888888888888,0.7692307692307693,0.7853535353535352,42.0,73.0,early_stopping,
EXP-PROP-003,proposal,2026,Set_0,0.9621212121212122,0.825,0.9545454545454546,0.6666666666666666,0.8571428571428572,0.8106060606060606,8.0,39.0,early_stopping,
EXP-PROP-003,proposal,2026,Set_1,0.8567708333333334,0.75,0.5,0.9166666666666666,0.6153846153846154,0.7083333333333333,17.0,48.0,early_stopping,
EXP-PROP-003,proposal,2026,Set_2,0.975,0.875,0.95,0.8,0.8837209302325583,0.875,3.0,34.0,early_stopping,
EXP-PROP-003,proposal,2026,Set_3,0.9090909090909091,0.775,0.5909090909090909,1.0,0.7428571428571429,0.7954545454545454,34.0,65.0,early_stopping,
EXP-PROP-004,proposal,1234,Set_0,0.9747474747474749,0.925,0.9090909090909091,0.9444444444444444,0.9302325581395349,0.9267676767676767,96.0,127.0,early_stopping,
EXP-PROP-004,proposal,1234,Set_1,0.8567708333333334,0.75,0.625,0.8333333333333334,0.6666666666666666,0.7291666666666667,55.0,86.0,early_stopping,
EXP-PROP-004,proposal,1234,Set_2,0.9550000000000001,0.85,0.9,0.8,0.8571428571428572,0.8500000000000001,23.0,54.0,early_stopping,
EXP-PROP-004,proposal,1234,Set_3,0.845959595959596,0.75,0.7272727272727273,0.7777777777777778,0.761904761904762,0.7525252525252526,42.0,73.0,early_stopping,
EXP-PROP-004,proposal,100,Set_0,0.9696969696969697,0.95,0.9090909090909091,1.0,0.9523809523809523,0.9545454545454546,143.0,150.0,max_epochs,
EXP-PROP-004,proposal,100,Set_1,0.8515625,0.7,0.6875,0.7083333333333334,0.6470588235294118,0.6979166666666667,39.0,70.0,early_stopping,
EXP-PROP-004,proposal,100,Set_2,0.96,0.85,0.9,0.8,0.8571428571428572,0.8500000000000001,14.0,45.0,early_stopping,
EXP-PROP-004,proposal,100,Set_3,0.8434343434343433,0.75,0.7272727272727273,0.7777777777777778,0.761904761904762,0.7525252525252526,24.0,55.0,early_stopping,
EXP-PROP-004,proposal,0,Set_0,0.9621212121212122,0.9,0.8636363636363636,0.9444444444444444,0.9047619047619048,0.904040404040404,62.0,93.0,early_stopping,
EXP-PROP-004,proposal,0,Set_1,0.84375,0.75,0.75,0.75,0.7058823529411765,0.75,54.0,85.0,early_stopping,
EXP-PROP-004,proposal,0,Set_2,0.97,0.875,0.95,0.8,0.8837209302325583,0.875,22.0,53.0,early_stopping,
EXP-PROP-004,proposal,0,Set_3,0.851010101010101,0.725,0.7272727272727273,0.7222222222222222,0.7441860465116279,0.7247474747474747,36.0,67.0,early_stopping,
EXP-PROP-004,proposal,2024,Set_0,0.9747474747474747,0.9,0.9090909090909091,0.8888888888888888,0.9090909090909091,0.898989898989899,136.0,150.0,max_epochs,
EXP-PROP-004,proposal,2024,Set_1,0.8541666666666667,0.725,0.625,0.7916666666666666,0.6451612903225806,0.7083333333333333,38.0,69.0,early_stopping,
EXP-PROP-004,proposal,2024,Set_2,0.97,0.875,0.95,0.8,0.8837209302325583,0.875,32.0,63.0,early_stopping,
EXP-PROP-004,proposal,2024,Set_3,0.8484848484848486,0.75,0.7272727272727273,0.7777777777777778,0.761904761904762,0.7525252525252526,54.0,85.0,early_stopping,
EXP-PROP-004,proposal,42,Set_0,0.9595959595959597,0.925,0.9090909090909091,0.9444444444444444,0.9302325581395349,0.9267676767676767,104.0,135.0,early_stopping,
EXP-PROP-004,proposal,42,Set_1,0.8255208333333334,0.7,0.6875,0.7083333333333334,0.6470588235294118,0.6979166666666667,56.0,87.0,early_stopping,
EXP-PROP-004,proposal,42,Set_2,0.9700000000000001,0.9,0.9,0.9,0.9,0.9,33.0,64.0,early_stopping,
EXP-PROP-004,proposal,42,Set_3,0.8383838383838385,0.725,0.7272727272727273,0.7222222222222222,0.7441860465116279,0.7247474747474747,37.0,68.0,early_stopping,
EXP-PROP-004,proposal,3,Set_0,0.9494949494949496,0.875,0.9090909090909091,0.8333333333333334,0.888888888888889,0.8712121212121212,90.0,121.0,early_stopping,
EXP-PROP-004,proposal,3,Set_1,0.8541666666666667,0.775,0.875,0.7083333333333334,0.7567567567567567,0.7916666666666667,31.0,62.0,early_stopping,
EXP-PROP-004,proposal,3,Set_2,0.9775,0.9,0.9,0.9,0.9,0.9,27.0,58.0,early_stopping,
EXP-PROP-004,proposal,3,Set_3,0.8409090909090909,0.775,0.7272727272727273,0.8333333333333334,0.7804878048780488,0.7803030303030303,74.0,105.0,early_stopping,
EXP-PROP-004,proposal,123,Set_0,0.9772727272727273,0.925,0.9090909090909091,0.9444444444444444,0.9302325581395349,0.9267676767676767,114.0,145.0,early_stopping,
EXP-PROP-004,proposal,123,Set_1,0.859375,0.725,0.6875,0.75,0.6666666666666667,0.71875,81.0,112.0,early_stopping,
EXP-PROP-004,proposal,123,Set_2,0.9625,0.85,0.95,0.75,0.8636363636363635,0.85,22.0,53.0,early_stopping,
EXP-PROP-004,proposal,123,Set_3,0.8535353535353536,0.75,0.7272727272727273,0.7777777777777778,0.761904761904762,0.7525252525252526,40.0,71.0,early_stopping,
EXP-PROP-004,proposal,13,Set_0,0.9696969696969697,0.9,0.9090909090909091,0.8888888888888888,0.9090909090909091,0.898989898989899,73.0,104.0,early_stopping,
EXP-PROP-004,proposal,13,Set_1,0.8437500000000001,0.625,0.9375,0.4166666666666667,0.6666666666666667,0.6770833333333334,1.0,32.0,early_stopping,
EXP-PROP-004,proposal,13,Set_2,0.9625,0.85,0.9,0.8,0.8571428571428572,0.8500000000000001,19.0,50.0,early_stopping,
EXP-PROP-004,proposal,13,Set_3,0.8535353535353536,0.75,0.7272727272727273,0.7777777777777778,0.761904761904762,0.7525252525252526,27.0,58.0,early_stopping,
EXP-PROP-004,proposal,64,Set_0,0.9747474747474748,0.9,0.9090909090909091,0.8888888888888888,0.9090909090909091,0.898989898989899,98.0,129.0,early_stopping,
EXP-PROP-004,proposal,64,Set_1,0.8567708333333334,0.725,0.75,0.7083333333333334,0.6857142857142857,0.7291666666666667,42.0,73.0,early_stopping,
EXP-PROP-004,proposal,64,Set_2,0.9625,0.8,0.9,0.7,0.8181818181818182,0.8,35.0,66.0,early_stopping,
EXP-PROP-004,proposal,64,Set_3,0.8383838383838385,0.8,0.7272727272727273,0.8888888888888888,0.7999999999999999,0.8080808080808081,70.0,101.0,early_stopping,
EXP-PROP-004,proposal,2026,Set_0,0.9696969696969697,0.875,0.8181818181818182,0.9444444444444444,0.8780487804878049,0.8813131313131313,128.0,150.0,max_epochs,
EXP-PROP-004,proposal,2026,Set_1,0.8489583333333333,0.75,0.75,0.75,0.7058823529411765,0.75,54.0,85.0,early_stopping,
EXP-PROP-004,proposal,2026,Set_2,0.9675,0.85,0.9,0.8,0.8571428571428572,0.8500000000000001,37.0,68.0,early_stopping,
EXP-PROP-004,proposal,2026,Set_3,0.845959595959596,0.7,0.6363636363636364,0.7777777777777778,0.7000000000000001,0.7070707070707071,11.0,42.0,early_stopping,
EXP-PROP-005,proposal,1234,Set_0,0.9595959595959596,0.875,0.8181818181818182,0.9444444444444444,0.8780487804878049,0.8813131313131313,16.0,47.0,early_stopping,
EXP-PROP-005,proposal,1234,Set_1,0.921875,0.825,0.8125,0.8333333333333334,0.787878787878788,0.8229166666666667,16.0,47.0,early_stopping,
EXP-PROP-005,proposal,1234,Set_2,1.0,0.9,1.0,0.8,0.9090909090909091,0.9,24.0,55.0,early_stopping,
EXP-PROP-005,proposal,1234,Set_3,0.9166666666666667,0.75,0.5454545454545454,1.0,0.7058823529411764,0.7727272727272727,68.0,99.0,early_stopping,
EXP-PROP-005,proposal,100,Set_0,0.946969696969697,0.825,0.8636363636363636,0.7777777777777778,0.8444444444444444,0.8207070707070707,45.0,76.0,early_stopping,
EXP-PROP-005,proposal,100,Set_1,0.9166666666666667,0.8,0.625,0.9166666666666666,0.7142857142857143,0.7708333333333333,29.0,60.0,early_stopping,
EXP-PROP-005,proposal,100,Set_2,0.9875,0.95,1.0,0.9,0.9523809523809523,0.95,36.0,67.0,early_stopping,
EXP-PROP-005,proposal,100,Set_3,0.9393939393939394,0.775,0.6363636363636364,0.9444444444444444,0.7567567567567568,0.7904040404040404,12.0,43.0,early_stopping,
EXP-PROP-005,proposal,0,Set_0,0.936868686868687,0.85,0.8636363636363636,0.8333333333333334,0.8636363636363636,0.8484848484848485,8.0,39.0,early_stopping,
EXP-PROP-005,proposal,0,Set_1,0.8541666666666667,0.75,0.6875,0.7916666666666666,0.6875,0.7395833333333333,8.0,39.0,early_stopping,
EXP-PROP-005,proposal,0,Set_2,0.98,0.675,0.35,1.0,0.5185185185185185,0.675,1.0,32.0,early_stopping,
EXP-PROP-005,proposal,0,Set_3,0.9545454545454546,0.85,0.9090909090909091,0.7777777777777778,0.8695652173913043,0.8434343434343434,55.0,86.0,early_stopping,
EXP-PROP-005,proposal,2024,Set_0,1.0,0.95,0.9090909090909091,1.0,0.9523809523809523,0.9545454545454546,76.0,107.0,early_stopping,
EXP-PROP-005,proposal,2024,Set_1,0.8645833333333334,0.75,0.8125,0.7083333333333334,0.7222222222222223,0.7604166666666667,34.0,65.0,early_stopping,
EXP-PROP-005,proposal,2024,Set_2,0.965,0.925,0.85,1.0,0.9189189189189189,0.925,1.0,32.0,early_stopping,
EXP-PROP-005,proposal,2024,Set_3,0.9570707070707072,0.8,0.6363636363636364,1.0,0.7777777777777778,0.8181818181818181,28.0,59.0,early_stopping,
EXP-PROP-005,proposal,42,Set_0,0.9318181818181819,0.825,0.9545454545454546,0.6666666666666666,0.8571428571428572,0.8106060606060606,15.0,46.0,early_stopping,
EXP-PROP-005,proposal,42,Set_1,0.8359375,0.8,0.625,0.9166666666666666,0.7142857142857143,0.7708333333333333,7.0,38.0,early_stopping,
EXP-PROP-005,proposal,42,Set_2,0.9925,0.95,1.0,0.9,0.9523809523809523,0.95,27.0,58.0,early_stopping,
EXP-PROP-005,proposal,42,Set_3,0.9520202020202021,0.825,0.7727272727272727,0.8888888888888888,0.8292682926829269,0.8308080808080808,65.0,96.0,early_stopping,
EXP-PROP-005,proposal,3,Set_0,0.9722222222222223,0.875,0.9545454545454546,0.7777777777777778,0.8936170212765958,0.8661616161616161,81.0,112.0,early_stopping,
EXP-PROP-005,proposal,3,Set_1,0.8125,0.7,0.6875,0.7083333333333334,0.6470588235294118,0.6979166666666667,3.0,34.0,early_stopping,
EXP-PROP-005,proposal,3,Set_2,0.955,0.825,1.0,0.65,0.851063829787234,0.825,2.0,33.0,early_stopping,
EXP-PROP-005,proposal,3,Set_3,0.9242424242424242,0.825,0.7727272727272727,0.8888888888888888,0.8292682926829269,0.8308080808080808,9.0,40.0,early_stopping,
EXP-PROP-005,proposal,123,Set_0,0.8863636363636365,0.8,0.8636363636363636,0.7222222222222222,0.8260869565217391,0.7929292929292929,4.0,35.0,early_stopping,
EXP-PROP-005,proposal,123,Set_1,0.8567708333333334,0.75,0.8125,0.7083333333333334,0.7222222222222223,0.7604166666666667,18.0,49.0,early_stopping,
EXP-PROP-005,proposal,123,Set_2,0.99,0.95,0.95,0.95,0.9500000000000001,0.95,64.0,95.0,early_stopping,
EXP-PROP-005,proposal,123,Set_3,0.8611111111111112,0.725,0.6818181818181818,0.7777777777777778,0.7317073170731707,0.7297979797979798,32.0,63.0,early_stopping,
EXP-PROP-005,proposal,13,Set_0,0.9621212121212122,0.925,0.9545454545454546,0.8888888888888888,0.9333333333333332,0.9217171717171717,30.0,61.0,early_stopping,
EXP-PROP-005,proposal,13,Set_1,0.8828125,0.825,0.75,0.875,0.7741935483870969,0.8125,32.0,63.0,early_stopping,
EXP-PROP-005,proposal,13,Set_2,0.9675,0.925,0.9,0.95,0.9230769230769231,0.925,7.0,38.0,early_stopping,
EXP-PROP-005,proposal,13,Set_3,0.9015151515151515,0.825,0.6818181818181818,1.0,0.8108108108108109,0.8409090909090908,16.0,47.0,early_stopping,
EXP-PROP-005,proposal,64,Set_0,0.9747474747474748,0.925,0.9545454545454546,0.8888888888888888,0.9333333333333332,0.9217171717171717,15.0,46.0,early_stopping,
EXP-PROP-005,proposal,64,Set_1,0.8489583333333334,0.775,0.6875,0.8333333333333334,0.7096774193548386,0.7604166666666667,16.0,47.0,early_stopping,
EXP-PROP-005,proposal,64,Set_2,0.9924999999999999,0.9,0.95,0.85,0.9047619047619048,0.8999999999999999,44.0,75.0,early_stopping,
EXP-PROP-005,proposal,64,Set_3,0.9116161616161615,0.8,0.7272727272727273,0.8888888888888888,0.7999999999999999,0.8080808080808081,14.0,45.0,early_stopping,
EXP-PROP-005,proposal,2026,Set_0,0.952020202020202,0.825,0.9090909090909091,0.7222222222222222,0.8510638297872342,0.8156565656565656,93.0,124.0,early_stopping,
EXP-PROP-005,proposal,2026,Set_1,0.890625,0.75,0.875,0.6666666666666666,0.7368421052631579,0.7708333333333333,10.0,41.0,early_stopping,
EXP-PROP-005,proposal,2026,Set_2,0.975,0.9,0.9,0.9,0.9,0.9,10.0,41.0,early_stopping,
EXP-PROP-005,proposal,2026,Set_3,0.8863636363636364,0.8,0.7272727272727273,0.8888888888888888,0.7999999999999999,0.8080808080808081,5.0,36.0,early_stopping,
svm_rbf,baseline,1234,Set_0,0.8888888888888888,0.825,0.8636363636363636,0.7777777777777778,0.8444444444444444,0.8207070707070707,,,,fit_complete
svm_rbf,baseline,1234,Set_1,0.8854166666666666,0.825,0.8125,0.8333333333333334,0.787878787878788,0.8229166666666667,,,,fit_complete
svm_rbf,baseline,1234,Set_2,0.955,0.875,0.9,0.85,0.8780487804878048,0.875,,,,fit_complete
svm_rbf,baseline,1234,Set_3,0.787878787878788,0.675,0.6818181818181818,0.6666666666666666,0.6976744186046512,0.6742424242424242,,,,fit_complete
svm_rbf,baseline,100,Set_0,0.8888888888888888,0.85,0.9090909090909091,0.7777777777777778,0.8695652173913043,0.8434343434343434,,,,fit_complete
svm_rbf,baseline,100,Set_1,0.8854166666666666,0.825,0.8125,0.8333333333333334,0.787878787878788,0.8229166666666667,,,,fit_complete
svm_rbf,baseline,100,Set_2,0.955,0.875,0.9,0.85,0.8780487804878048,0.875,,,,fit_complete
svm_rbf,baseline,100,Set_3,0.787878787878788,0.675,0.6818181818181818,0.6666666666666666,0.6976744186046512,0.6742424242424242,,,,fit_complete
svm_rbf,baseline,0,Set_0,0.8888888888888888,0.8,0.8181818181818182,0.7777777777777778,0.8181818181818182,0.797979797979798,,,,fit_complete
svm_rbf,baseline,0,Set_1,0.8854166666666666,0.825,0.8125,0.8333333333333334,0.787878787878788,0.8229166666666667,,,,fit_complete
svm_rbf,baseline,0,Set_2,0.955,0.875,0.9,0.85,0.8780487804878048,0.875,,,,fit_complete
svm_rbf,baseline,0,Set_3,0.787878787878788,0.675,0.6818181818181818,0.6666666666666666,0.6976744186046512,0.6742424242424242,,,,fit_complete
svm_rbf,baseline,2024,Set_0,0.8888888888888888,0.8,0.8181818181818182,0.7777777777777778,0.8181818181818182,0.797979797979798,,,,fit_complete
svm_rbf,baseline,2024,Set_1,0.8854166666666666,0.825,0.8125,0.8333333333333334,0.787878787878788,0.8229166666666667,,,,fit_complete
svm_rbf,baseline,2024,Set_2,0.955,0.875,0.9,0.85,0.8780487804878048,0.875,,,,fit_complete
svm_rbf,baseline,2024,Set_3,0.787878787878788,0.675,0.6818181818181818,0.6666666666666666,0.6976744186046512,0.6742424242424242,,,,fit_complete
svm_rbf,baseline,42,Set_0,0.8888888888888888,0.85,0.9090909090909091,0.7777777777777778,0.8695652173913043,0.8434343434343434,,,,fit_complete
svm_rbf,baseline,42,Set_1,0.8854166666666666,0.825,0.8125,0.8333333333333334,0.787878787878788,0.8229166666666667,,,,fit_complete
svm_rbf,baseline,42,Set_2,0.955,0.875,0.9,0.85,0.8780487804878048,0.875,,,,fit_complete
svm_rbf,baseline,42,Set_3,0.787878787878788,0.675,0.6818181818181818,0.6666666666666666,0.6976744186046512,0.6742424242424242,,,,fit_complete
svm_rbf,baseline,3,Set_0,0.8888888888888888,0.825,0.8636363636363636,0.7777777777777778,0.8444444444444444,0.8207070707070707,,,,fit_complete
svm_rbf,baseline,3,Set_1,0.8854166666666666,0.825,0.8125,0.8333333333333334,0.787878787878788,0.8229166666666667,,,,fit_complete
svm_rbf,baseline,3,Set_2,0.955,0.875,0.9,0.85,0.8780487804878048,0.875,,,,fit_complete
svm_rbf,baseline,3,Set_3,0.787878787878788,0.675,0.6818181818181818,0.6666666666666666,0.6976744186046512,0.6742424242424242,,,,fit_complete
svm_rbf,baseline,123,Set_0,0.8888888888888888,0.8,0.8181818181818182,0.7777777777777778,0.8181818181818182,0.797979797979798,,,,fit_complete
svm_rbf,baseline,123,Set_1,0.8854166666666666,0.825,0.8125,0.8333333333333334,0.787878787878788,0.8229166666666667,,,,fit_complete
svm_rbf,baseline,123,Set_2,0.955,0.875,0.9,0.85,0.8780487804878048,0.875,,,,fit_complete
svm_rbf,baseline,123,Set_3,0.787878787878788,0.675,0.6818181818181818,0.6666666666666666,0.6976744186046512,0.6742424242424242,,,,fit_complete
svm_rbf,baseline,13,Set_0,0.8888888888888888,0.85,0.9090909090909091,0.7777777777777778,0.8695652173913043,0.8434343434343434,,,,fit_complete
svm_rbf,baseline,13,Set_1,0.8854166666666666,0.825,0.8125,0.8333333333333334,0.787878787878788,0.8229166666666667,,,,fit_complete
svm_rbf,baseline,13,Set_2,0.955,0.875,0.9,0.85,0.8780487804878048,0.875,,,,fit_complete
svm_rbf,baseline,13,Set_3,0.787878787878788,0.675,0.6818181818181818,0.6666666666666666,0.6976744186046512,0.6742424242424242,,,,fit_complete
svm_rbf,baseline,64,Set_0,0.8888888888888888,0.85,0.9090909090909091,0.7777777777777778,0.8695652173913043,0.8434343434343434,,,,fit_complete
svm_rbf,baseline,64,Set_1,0.8854166666666666,0.825,0.8125,0.8333333333333334,0.787878787878788,0.8229166666666667,,,,fit_complete
svm_rbf,baseline,64,Set_2,0.955,0.875,0.9,0.85,0.8780487804878048,0.875,,,,fit_complete
svm_rbf,baseline,64,Set_3,0.787878787878788,0.675,0.6818181818181818,0.6666666666666666,0.6976744186046512,0.6742424242424242,,,,fit_complete
svm_rbf,baseline,2026,Set_0,0.8888888888888888,0.85,0.9090909090909091,0.7777777777777778,0.8695652173913043,0.8434343434343434,,,,fit_complete
svm_rbf,baseline,2026,Set_1,0.8854166666666666,0.825,0.8125,0.8333333333333334,0.787878787878788,0.8229166666666667,,,,fit_complete
svm_rbf,baseline,2026,Set_2,0.955,0.875,0.9,0.85,0.8780487804878048,0.875,,,,fit_complete
svm_rbf,baseline,2026,Set_3,0.787878787878788,0.675,0.6818181818181818,0.6666666666666666,0.6976744186046512,0.6742424242424242,,,,fit_complete
svm_linear,baseline,1234,Set_0,0.8005050505050505,0.675,0.6818181818181818,0.6666666666666666,0.6976744186046512,0.6742424242424242,,,,fit_complete
svm_linear,baseline,1234,Set_1,0.7369791666666666,0.7,0.75,0.6666666666666666,0.6666666666666665,0.7083333333333333,,,,fit_complete
svm_linear,baseline,1234,Set_2,0.92,0.85,0.8,0.9,0.8421052631578948,0.8500000000000001,,,,fit_complete
svm_linear,baseline,1234,Set_3,0.8181818181818182,0.8,0.7727272727272727,0.8333333333333334,0.8095238095238095,0.803030303030303,,,,fit_complete
svm_linear,baseline,100,Set_0,0.7992424242424243,0.65,0.7272727272727273,0.5555555555555556,0.6956521739130435,0.6414141414141414,,,,fit_complete
svm_linear,baseline,100,Set_1,0.7369791666666666,0.7,0.75,0.6666666666666666,0.6666666666666665,0.7083333333333333,,,,fit_complete
svm_linear,baseline,100,Set_2,0.92,0.85,0.8,0.9,0.8421052631578948,0.8500000000000001,,,,fit_complete
svm_linear,baseline,100,Set_3,0.8181818181818182,0.775,0.7727272727272727,0.7777777777777778,0.7906976744186046,0.7752525252525253,,,,fit_complete
svm_linear,baseline,0,Set_0,0.8005050505050505,0.675,0.6818181818181818,0.6666666666666666,0.6976744186046512,0.6742424242424242,,,,fit_complete
svm_linear,baseline,0,Set_1,0.7369791666666666,0.7,0.75,0.6666666666666666,0.6666666666666665,0.7083333333333333,,,,fit_complete
svm_linear,baseline,0,Set_2,0.92,0.825,0.75,0.9,0.8108108108108107,0.825,,,,fit_complete
svm_linear,baseline,0,Set_3,0.8181818181818182,0.8,0.7727272727272727,0.8333333333333334,0.8095238095238095,0.803030303030303,,,,fit_complete
svm_linear,baseline,2024,Set_0,0.8005050505050505,0.675,0.6818181818181818,0.6666666666666666,0.6976744186046512,0.6742424242424242,,,,fit_complete
svm_linear,baseline,2024,Set_1,0.7369791666666666,0.7,0.75,0.6666666666666666,0.6666666666666665,0.7083333333333333,,,,fit_complete
svm_linear,baseline,2024,Set_2,0.92,0.825,0.8,0.85,0.8205128205128205,0.825,,,,fit_complete
svm_linear,baseline,2024,Set_3,0.8181818181818182,0.775,0.7727272727272727,0.7777777777777778,0.7906976744186046,0.7752525252525253,,,,fit_complete
svm_linear,baseline,42,Set_0,0.8005050505050505,0.65,0.6818181818181818,0.6111111111111112,0.6818181818181818,0.6464646464646464,,,,fit_complete
svm_linear,baseline,42,Set_1,0.7369791666666666,0.7,0.75,0.6666666666666666,0.6666666666666665,0.7083333333333333,,,,fit_complete
svm_linear,baseline,42,Set_2,0.92,0.825,0.75,0.9,0.8108108108108107,0.825,,,,fit_complete
svm_linear,baseline,42,Set_3,0.8181818181818182,0.8,0.7727272727272727,0.8333333333333334,0.8095238095238095,0.803030303030303,,,,fit_complete
svm_linear,baseline,3,Set_0,0.8005050505050505,0.675,0.6818181818181818,0.6666666666666666,0.6976744186046512,0.6742424242424242,,,,fit_complete
svm_linear,baseline,3,Set_1,0.7369791666666666,0.7,0.75,0.6666666666666666,0.6666666666666665,0.7083333333333333,,,,fit_complete
svm_linear,baseline,3,Set_2,0.92,0.825,0.75,0.9,0.8108108108108107,0.825,,,,fit_complete
svm_linear,baseline,3,Set_3,0.8181818181818182,0.775,0.7727272727272727,0.7777777777777778,0.7906976744186046,0.7752525252525253,,,,fit_complete
svm_linear,baseline,123,Set_0,0.8005050505050505,0.65,0.6818181818181818,0.6111111111111112,0.6818181818181818,0.6464646464646464,,,,fit_complete
svm_linear,baseline,123,Set_1,0.7369791666666666,0.7,0.75,0.6666666666666666,0.6666666666666665,0.7083333333333333,,,,fit_complete
svm_linear,baseline,123,Set_2,0.92,0.825,0.75,0.9,0.8108108108108107,0.825,,,,fit_complete
svm_linear,baseline,123,Set_3,0.8181818181818182,0.775,0.7727272727272727,0.7777777777777778,0.7906976744186046,0.7752525252525253,,,,fit_complete
svm_linear,baseline,13,Set_0,0.8005050505050505,0.65,0.6818181818181818,0.6111111111111112,0.6818181818181818,0.6464646464646464,,,,fit_complete
svm_linear,baseline,13,Set_1,0.7369791666666666,0.7,0.75,0.6666666666666666,0.6666666666666665,0.7083333333333333,,,,fit_complete
svm_linear,baseline,13,Set_2,0.92,0.85,0.8,0.9,0.8421052631578948,0.8500000000000001,,,,fit_complete
svm_linear,baseline,13,Set_3,0.8181818181818182,0.775,0.7727272727272727,0.7777777777777778,0.7906976744186046,0.7752525252525253,,,,fit_complete
svm_linear,baseline,64,Set_0,0.8005050505050505,0.675,0.6818181818181818,0.6666666666666666,0.6976744186046512,0.6742424242424242,,,,fit_complete
svm_linear,baseline,64,Set_1,0.7369791666666666,0.7,0.75,0.6666666666666666,0.6666666666666665,0.7083333333333333,,,,fit_complete
svm_linear,baseline,64,Set_2,0.92,0.85,0.8,0.9,0.8421052631578948,0.8500000000000001,,,,fit_complete
svm_linear,baseline,64,Set_3,0.8181818181818182,0.775,0.7727272727272727,0.7777777777777778,0.7906976744186046,0.7752525252525253,,,,fit_complete
svm_linear,baseline,2026,Set_0,0.8005050505050505,0.675,0.6818181818181818,0.6666666666666666,0.6976744186046512,0.6742424242424242,,,,fit_complete
svm_linear,baseline,2026,Set_1,0.7369791666666666,0.7,0.75,0.6666666666666666,0.6666666666666665,0.7083333333333333,,,,fit_complete
svm_linear,baseline,2026,Set_2,0.92,0.85,0.8,0.9,0.8421052631578948,0.8500000000000001,,,,fit_complete
svm_linear,baseline,2026,Set_3,0.8181818181818182,0.8,0.7727272727272727,0.8333333333333334,0.8095238095238095,0.803030303030303,,,,fit_complete
rf,baseline,1234,Set_0,0.8434343434343434,0.775,0.8636363636363636,0.6666666666666666,0.8085106382978724,0.7651515151515151,,,,fit_complete
rf,baseline,1234,Set_1,0.8541666666666667,0.85,0.75,0.9166666666666666,0.7999999999999999,0.8333333333333333,,,,fit_complete
rf,baseline,1234,Set_2,0.95,0.9,0.95,0.85,0.9047619047619048,0.8999999999999999,,,,fit_complete
rf,baseline,1234,Set_3,0.7929292929292929,0.775,0.6818181818181818,0.8888888888888888,0.7692307692307693,0.7853535353535352,,,,fit_complete
rf,baseline,100,Set_0,0.8270202020202021,0.725,0.8181818181818182,0.6111111111111112,0.7659574468085107,0.7146464646464648,,,,fit_complete
rf,baseline,100,Set_1,0.8645833333333334,0.85,0.75,0.9166666666666666,0.7999999999999999,0.8333333333333333,,,,fit_complete
rf,baseline,100,Set_2,0.93875,0.9,0.95,0.85,0.9047619047619048,0.8999999999999999,,,,fit_complete
rf,baseline,100,Set_3,0.782828282828283,0.75,0.6363636363636364,0.8888888888888888,0.7368421052631579,0.7626262626262625,,,,fit_complete
rf,baseline,0,Set_0,0.8446969696969697,0.75,0.8181818181818182,0.6666666666666666,0.7826086956521738,0.7424242424242424,,,,fit_complete
rf,baseline,0,Set_1,0.8776041666666667,0.8,0.6875,0.875,0.7333333333333334,0.78125,,,,fit_complete
rf,baseline,0,Set_2,0.9425,0.9,0.95,0.85,0.9047619047619048,0.8999999999999999,,,,fit_complete
rf,baseline,0,Set_3,0.787878787878788,0.775,0.6818181818181818,0.8888888888888888,0.7692307692307693,0.7853535353535352,,,,fit_complete
rf,baseline,2024,Set_0,0.8295454545454546,0.725,0.8181818181818182,0.6111111111111112,0.7659574468085107,0.7146464646464648,,,,fit_complete
rf,baseline,2024,Set_1,0.8645833333333334,0.825,0.6875,0.9166666666666666,0.7586206896551724,0.8020833333333333,,,,fit_complete
rf,baseline,2024,Set_2,0.9349999999999999,0.9,0.95,0.85,0.9047619047619048,0.8999999999999999,,,,fit_complete
rf,baseline,2024,Set_3,0.8068181818181819,0.75,0.6363636363636364,0.8888888888888888,0.7368421052631579,0.7626262626262625,,,,fit_complete
rf,baseline,42,Set_0,0.8257575757575758,0.725,0.8181818181818182,0.6111111111111112,0.7659574468085107,0.7146464646464648,,,,fit_complete
rf,baseline,42,Set_1,0.8580729166666666,0.825,0.6875,0.9166666666666666,0.7586206896551724,0.8020833333333333,,,,fit_complete
rf,baseline,42,Set_2,0.9324999999999999,0.9,0.95,0.85,0.9047619047619048,0.8999999999999999,,,,fit_complete
rf,baseline,42,Set_3,0.7941919191919192,0.725,0.5909090909090909,0.8888888888888888,0.7027027027027029,0.7398989898989898,,,,fit_complete
rf,baseline,3,Set_0,0.8383838383838385,0.725,0.8181818181818182,0.6111111111111112,0.7659574468085107,0.7146464646464648,,,,fit_complete
rf,baseline,3,Set_1,0.8684895833333333,0.825,0.75,0.875,0.7741935483870969,0.8125,,,,fit_complete
rf,baseline,3,Set_2,0.9474999999999999,0.9,0.95,0.85,0.9047619047619048,0.8999999999999999,,,,fit_complete
rf,baseline,3,Set_3,0.7904040404040403,0.75,0.6363636363636364,0.8888888888888888,0.7368421052631579,0.7626262626262625,,,,fit_complete
rf,baseline,123,Set_0,0.8282828282828283,0.725,0.8181818181818182,0.6111111111111112,0.7659574468085107,0.7146464646464648,,,,fit_complete
rf,baseline,123,Set_1,0.8802083333333334,0.825,0.6875,0.9166666666666666,0.7586206896551724,0.8020833333333333,,,,fit_complete
rf,baseline,123,Set_2,0.9275,0.9,0.95,0.85,0.9047619047619048,0.8999999999999999,,,,fit_complete
rf,baseline,123,Set_3,0.7765151515151515,0.725,0.6363636363636364,0.8333333333333334,0.717948717948718,0.7348484848484849,,,,fit_complete
rf,baseline,13,Set_0,0.8320707070707071,0.75,0.8181818181818182,0.6666666666666666,0.7826086956521738,0.7424242424242424,,,,fit_complete
rf,baseline,13,Set_1,0.8645833333333333,0.85,0.75,0.9166666666666666,0.7999999999999999,0.8333333333333333,,,,fit_complete
rf,baseline,13,Set_2,0.945,0.9,0.95,0.85,0.9047619047619048,0.8999999999999999,,,,fit_complete
rf,baseline,13,Set_3,0.797979797979798,0.775,0.6818181818181818,0.8888888888888888,0.7692307692307693,0.7853535353535352,,,,fit_complete
rf,baseline,64,Set_0,0.8345959595959596,0.75,0.8636363636363636,0.6111111111111112,0.7916666666666666,0.7373737373737375,,,,fit_complete
rf,baseline,64,Set_1,0.8645833333333334,0.85,0.75,0.9166666666666666,0.7999999999999999,0.8333333333333333,,,,fit_complete
rf,baseline,64,Set_2,0.9525,0.9,0.95,0.85,0.9047619047619048,0.8999999999999999,,,,fit_complete
rf,baseline,64,Set_3,0.792929292929293,0.75,0.6363636363636364,0.8888888888888888,0.7368421052631579,0.7626262626262625,,,,fit_complete
rf,baseline,2026,Set_0,0.8270202020202021,0.775,0.8181818181818182,0.7222222222222222,0.8,0.7702020202020202,,,,fit_complete
rf,baseline,2026,Set_1,0.8645833333333334,0.8,0.6875,0.875,0.7333333333333334,0.78125,,,,fit_complete
rf,baseline,2026,Set_2,0.945,0.9,0.95,0.85,0.9047619047619048,0.8999999999999999,,,,fit_complete
rf,baseline,2026,Set_3,0.7929292929292929,0.75,0.6363636363636364,0.8888888888888888,0.7368421052631579,0.7626262626262625,,,,fit_complete
qda,baseline,1234,Set_0,0.75,0.6,0.6363636363636364,0.5555555555555556,0.6363636363636364,0.595959595959596,,,,fit_complete
qda,baseline,1234,Set_1,0.8463541666666666,0.75,0.875,0.6666666666666666,0.7368421052631579,0.7708333333333333,,,,fit_complete
qda,baseline,1234,Set_2,0.935,0.85,0.85,0.85,0.85,0.85,,,,fit_complete
qda,baseline,1234,Set_3,0.76010101010101,0.65,0.6363636363636364,0.6666666666666666,0.6666666666666666,0.6515151515151515,,,,fit_complete
qda,baseline,100,Set_0,0.75,0.6,0.6363636363636364,0.5555555555555556,0.6363636363636364,0.595959595959596,,,,fit_complete
qda,baseline,100,Set_1,0.8463541666666666,0.75,0.875,0.6666666666666666,0.7368421052631579,0.7708333333333333,,,,fit_complete
qda,baseline,100,Set_2,0.935,0.85,0.85,0.85,0.85,0.85,,,,fit_complete
qda,baseline,100,Set_3,0.76010101010101,0.65,0.6363636363636364,0.6666666666666666,0.6666666666666666,0.6515151515151515,,,,fit_complete
qda,baseline,0,Set_0,0.75,0.6,0.6363636363636364,0.5555555555555556,0.6363636363636364,0.595959595959596,,,,fit_complete
qda,baseline,0,Set_1,0.8463541666666666,0.75,0.875,0.6666666666666666,0.7368421052631579,0.7708333333333333,,,,fit_complete
qda,baseline,0,Set_2,0.935,0.85,0.85,0.85,0.85,0.85,,,,fit_complete
qda,baseline,0,Set_3,0.76010101010101,0.65,0.6363636363636364,0.6666666666666666,0.6666666666666666,0.6515151515151515,,,,fit_complete
qda,baseline,2024,Set_0,0.75,0.6,0.6363636363636364,0.5555555555555556,0.6363636363636364,0.595959595959596,,,,fit_complete
qda,baseline,2024,Set_1,0.8463541666666666,0.75,0.875,0.6666666666666666,0.7368421052631579,0.7708333333333333,,,,fit_complete
qda,baseline,2024,Set_2,0.935,0.85,0.85,0.85,0.85,0.85,,,,fit_complete
qda,baseline,2024,Set_3,0.76010101010101,0.65,0.6363636363636364,0.6666666666666666,0.6666666666666666,0.6515151515151515,,,,fit_complete
qda,baseline,42,Set_0,0.75,0.6,0.6363636363636364,0.5555555555555556,0.6363636363636364,0.595959595959596,,,,fit_complete
qda,baseline,42,Set_1,0.8463541666666666,0.75,0.875,0.6666666666666666,0.7368421052631579,0.7708333333333333,,,,fit_complete
qda,baseline,42,Set_2,0.935,0.85,0.85,0.85,0.85,0.85,,,,fit_complete
qda,baseline,42,Set_3,0.76010101010101,0.65,0.6363636363636364,0.6666666666666666,0.6666666666666666,0.6515151515151515,,,,fit_complete
qda,baseline,3,Set_0,0.75,0.6,0.6363636363636364,0.5555555555555556,0.6363636363636364,0.595959595959596,,,,fit_complete
qda,baseline,3,Set_1,0.8463541666666666,0.75,0.875,0.6666666666666666,0.7368421052631579,0.7708333333333333,,,,fit_complete
qda,baseline,3,Set_2,0.935,0.85,0.85,0.85,0.85,0.85,,,,fit_complete
qda,baseline,3,Set_3,0.76010101010101,0.65,0.6363636363636364,0.6666666666666666,0.6666666666666666,0.6515151515151515,,,,fit_complete
qda,baseline,123,Set_0,0.75,0.6,0.6363636363636364,0.5555555555555556,0.6363636363636364,0.595959595959596,,,,fit_complete
qda,baseline,123,Set_1,0.8463541666666666,0.75,0.875,0.6666666666666666,0.7368421052631579,0.7708333333333333,,,,fit_complete
qda,baseline,123,Set_2,0.935,0.85,0.85,0.85,0.85,0.85,,,,fit_complete
qda,baseline,123,Set_3,0.76010101010101,0.65,0.6363636363636364,0.6666666666666666,0.6666666666666666,0.6515151515151515,,,,fit_complete
qda,baseline,13,Set_0,0.75,0.6,0.6363636363636364,0.5555555555555556,0.6363636363636364,0.595959595959596,,,,fit_complete
qda,baseline,13,Set_1,0.8463541666666666,0.75,0.875,0.6666666666666666,0.7368421052631579,0.7708333333333333,,,,fit_complete
qda,baseline,13,Set_2,0.935,0.85,0.85,0.85,0.85,0.85,,,,fit_complete
qda,baseline,13,Set_3,0.76010101010101,0.65,0.6363636363636364,0.6666666666666666,0.6666666666666666,0.6515151515151515,,,,fit_complete
qda,baseline,64,Set_0,0.75,0.6,0.6363636363636364,0.5555555555555556,0.6363636363636364,0.595959595959596,,,,fit_complete
qda,baseline,64,Set_1,0.8463541666666666,0.75,0.875,0.6666666666666666,0.7368421052631579,0.7708333333333333,,,,fit_complete
qda,baseline,64,Set_2,0.935,0.85,0.85,0.85,0.85,0.85,,,,fit_complete
qda,baseline,64,Set_3,0.76010101010101,0.65,0.6363636363636364,0.6666666666666666,0.6666666666666666,0.6515151515151515,,,,fit_complete
qda,baseline,2026,Set_0,0.75,0.6,0.6363636363636364,0.5555555555555556,0.6363636363636364,0.595959595959596,,,,fit_complete
qda,baseline,2026,Set_1,0.8463541666666666,0.75,0.875,0.6666666666666666,0.7368421052631579,0.7708333333333333,,,,fit_complete
qda,baseline,2026,Set_2,0.935,0.85,0.85,0.85,0.85,0.85,,,,fit_complete
qda,baseline,2026,Set_3,0.76010101010101,0.65,0.6363636363636364,0.6666666666666666,0.6666666666666666,0.6515151515151515,,,,fit_complete
gnb,baseline,1234,Set_0,0.7954545454545455,0.675,0.7272727272727273,0.6111111111111112,0.711111111111111,0.6691919191919192,,,,fit_complete
gnb,baseline,1234,Set_1,0.78125,0.7,0.4375,0.875,0.5384615384615384,0.65625,,,,fit_complete
gnb,baseline,1234,Set_2,0.8462500000000001,0.75,0.75,0.75,0.75,0.75,,,,fit_complete
gnb,baseline,1234,Set_3,0.7424242424242424,0.725,0.5909090909090909,0.8888888888888888,0.7027027027027029,0.7398989898989898,,,,fit_complete
gnb,baseline,100,Set_0,0.7954545454545455,0.675,0.7272727272727273,0.6111111111111112,0.711111111111111,0.6691919191919192,,,,fit_complete
gnb,baseline,100,Set_1,0.78125,0.7,0.4375,0.875,0.5384615384615384,0.65625,,,,fit_complete
gnb,baseline,100,Set_2,0.8462500000000001,0.75,0.75,0.75,0.75,0.75,,,,fit_complete
gnb,baseline,100,Set_3,0.7424242424242424,0.725,0.5909090909090909,0.8888888888888888,0.7027027027027029,0.7398989898989898,,,,fit_complete
gnb,baseline,0,Set_0,0.7954545454545455,0.675,0.7272727272727273,0.6111111111111112,0.711111111111111,0.6691919191919192,,,,fit_complete
gnb,baseline,0,Set_1,0.78125,0.7,0.4375,0.875,0.5384615384615384,0.65625,,,,fit_complete
gnb,baseline,0,Set_2,0.8462500000000001,0.75,0.75,0.75,0.75,0.75,,,,fit_complete
gnb,baseline,0,Set_3,0.7424242424242424,0.725,0.5909090909090909,0.8888888888888888,0.7027027027027029,0.7398989898989898,,,,fit_complete
gnb,baseline,2024,Set_0,0.7954545454545455,0.675,0.7272727272727273,0.6111111111111112,0.711111111111111,0.6691919191919192,,,,fit_complete
gnb,baseline,2024,Set_1,0.78125,0.7,0.4375,0.875,0.5384615384615384,0.65625,,,,fit_complete
gnb,baseline,2024,Set_2,0.8462500000000001,0.75,0.75,0.75,0.75,0.75,,,,fit_complete
gnb,baseline,2024,Set_3,0.7424242424242424,0.725,0.5909090909090909,0.8888888888888888,0.7027027027027029,0.7398989898989898,,,,fit_complete
gnb,baseline,42,Set_0,0.7954545454545455,0.675,0.7272727272727273,0.6111111111111112,0.711111111111111,0.6691919191919192,,,,fit_complete
gnb,baseline,42,Set_1,0.78125,0.7,0.4375,0.875,0.5384615384615384,0.65625,,,,fit_complete
gnb,baseline,42,Set_2,0.8462500000000001,0.75,0.75,0.75,0.75,0.75,,,,fit_complete
gnb,baseline,42,Set_3,0.7424242424242424,0.725,0.5909090909090909,0.8888888888888888,0.7027027027027029,0.7398989898989898,,,,fit_complete
gnb,baseline,3,Set_0,0.7954545454545455,0.675,0.7272727272727273,0.6111111111111112,0.711111111111111,0.6691919191919192,,,,fit_complete
gnb,baseline,3,Set_1,0.78125,0.7,0.4375,0.875,0.5384615384615384,0.65625,,,,fit_complete
gnb,baseline,3,Set_2,0.8462500000000001,0.75,0.75,0.75,0.75,0.75,,,,fit_complete
gnb,baseline,3,Set_3,0.7424242424242424,0.725,0.5909090909090909,0.8888888888888888,0.7027027027027029,0.7398989898989898,,,,fit_complete
gnb,baseline,123,Set_0,0.7954545454545455,0.675,0.7272727272727273,0.6111111111111112,0.711111111111111,0.6691919191919192,,,,fit_complete
gnb,baseline,123,Set_1,0.78125,0.7,0.4375,0.875,0.5384615384615384,0.65625,,,,fit_complete
gnb,baseline,123,Set_2,0.8462500000000001,0.75,0.75,0.75,0.75,0.75,,,,fit_complete
gnb,baseline,123,Set_3,0.7424242424242424,0.725,0.5909090909090909,0.8888888888888888,0.7027027027027029,0.7398989898989898,,,,fit_complete
gnb,baseline,13,Set_0,0.7954545454545455,0.675,0.7272727272727273,0.6111111111111112,0.711111111111111,0.6691919191919192,,,,fit_complete
gnb,baseline,13,Set_1,0.78125,0.7,0.4375,0.875,0.5384615384615384,0.65625,,,,fit_complete
gnb,baseline,13,Set_2,0.8462500000000001,0.75,0.75,0.75,0.75,0.75,,,,fit_complete
gnb,baseline,13,Set_3,0.7424242424242424,0.725,0.5909090909090909,0.8888888888888888,0.7027027027027029,0.7398989898989898,,,,fit_complete
gnb,baseline,64,Set_0,0.7954545454545455,0.675,0.7272727272727273,0.6111111111111112,0.711111111111111,0.6691919191919192,,,,fit_complete
gnb,baseline,64,Set_1,0.78125,0.7,0.4375,0.875,0.5384615384615384,0.65625,,,,fit_complete
gnb,baseline,64,Set_2,0.8462500000000001,0.75,0.75,0.75,0.75,0.75,,,,fit_complete
gnb,baseline,64,Set_3,0.7424242424242424,0.725,0.5909090909090909,0.8888888888888888,0.7027027027027029,0.7398989898989898,,,,fit_complete
gnb,baseline,2026,Set_0,0.7954545454545455,0.675,0.7272727272727273,0.6111111111111112,0.711111111111111,0.6691919191919192,,,,fit_complete
gnb,baseline,2026,Set_1,0.78125,0.7,0.4375,0.875,0.5384615384615384,0.65625,,,,fit_complete
gnb,baseline,2026,Set_2,0.8462500000000001,0.75,0.75,0.75,0.75,0.75,,,,fit_complete
gnb,baseline,2026,Set_3,0.7424242424242424,0.725,0.5909090909090909,0.8888888888888888,0.7027027027027029,0.7398989898989898,,,,fit_complete
lr,baseline,1234,Set_0,0.8484848484848484,0.75,0.8181818181818182,0.6666666666666666,0.7826086956521738,0.7424242424242424,,,,fit_complete
lr,baseline,1234,Set_1,0.8098958333333334,0.775,0.8125,0.75,0.742857142857143,0.78125,,,,fit_complete
lr,baseline,1234,Set_2,0.9874999999999999,0.9,0.85,0.95,0.8947368421052632,0.8999999999999999,,,,fit_complete
lr,baseline,1234,Set_3,0.8383838383838383,0.8,0.7727272727272727,0.8333333333333334,0.8095238095238095,0.803030303030303,,,,fit_complete
lr,baseline,100,Set_0,0.8484848484848484,0.75,0.8181818181818182,0.6666666666666666,0.7826086956521738,0.7424242424242424,,,,fit_complete
lr,baseline,100,Set_1,0.8098958333333334,0.775,0.8125,0.75,0.742857142857143,0.78125,,,,fit_complete
lr,baseline,100,Set_2,0.9874999999999999,0.9,0.85,0.95,0.8947368421052632,0.8999999999999999,,,,fit_complete
lr,baseline,100,Set_3,0.8383838383838383,0.8,0.7727272727272727,0.8333333333333334,0.8095238095238095,0.803030303030303,,,,fit_complete
lr,baseline,0,Set_0,0.8484848484848484,0.75,0.8181818181818182,0.6666666666666666,0.7826086956521738,0.7424242424242424,,,,fit_complete
lr,baseline,0,Set_1,0.8098958333333334,0.775,0.8125,0.75,0.742857142857143,0.78125,,,,fit_complete
lr,baseline,0,Set_2,0.9874999999999999,0.9,0.85,0.95,0.8947368421052632,0.8999999999999999,,,,fit_complete
lr,baseline,0,Set_3,0.8383838383838383,0.8,0.7727272727272727,0.8333333333333334,0.8095238095238095,0.803030303030303,,,,fit_complete
lr,baseline,2024,Set_0,0.8484848484848484,0.75,0.8181818181818182,0.6666666666666666,0.7826086956521738,0.7424242424242424,,,,fit_complete
lr,baseline,2024,Set_1,0.8098958333333334,0.775,0.8125,0.75,0.742857142857143,0.78125,,,,fit_complete
lr,baseline,2024,Set_2,0.9874999999999999,0.9,0.85,0.95,0.8947368421052632,0.8999999999999999,,,,fit_complete
lr,baseline,2024,Set_3,0.8383838383838383,0.8,0.7727272727272727,0.8333333333333334,0.8095238095238095,0.803030303030303,,,,fit_complete
lr,baseline,42,Set_0,0.8484848484848484,0.75,0.8181818181818182,0.6666666666666666,0.7826086956521738,0.7424242424242424,,,,fit_complete
lr,baseline,42,Set_1,0.8098958333333334,0.775,0.8125,0.75,0.742857142857143,0.78125,,,,fit_complete
lr,baseline,42,Set_2,0.9874999999999999,0.9,0.85,0.95,0.8947368421052632,0.8999999999999999,,,,fit_complete
lr,baseline,42,Set_3,0.8383838383838383,0.8,0.7727272727272727,0.8333333333333334,0.8095238095238095,0.803030303030303,,,,fit_complete
lr,baseline,3,Set_0,0.8484848484848484,0.75,0.8181818181818182,0.6666666666666666,0.7826086956521738,0.7424242424242424,,,,fit_complete
lr,baseline,3,Set_1,0.8098958333333334,0.775,0.8125,0.75,0.742857142857143,0.78125,,,,fit_complete
lr,baseline,3,Set_2,0.9874999999999999,0.9,0.85,0.95,0.8947368421052632,0.8999999999999999,,,,fit_complete
lr,baseline,3,Set_3,0.8383838383838383,0.8,0.7727272727272727,0.8333333333333334,0.8095238095238095,0.803030303030303,,,,fit_complete
lr,baseline,123,Set_0,0.8484848484848484,0.75,0.8181818181818182,0.6666666666666666,0.7826086956521738,0.7424242424242424,,,,fit_complete
lr,baseline,123,Set_1,0.8098958333333334,0.775,0.8125,0.75,0.742857142857143,0.78125,,,,fit_complete
lr,baseline,123,Set_2,0.9874999999999999,0.9,0.85,0.95,0.8947368421052632,0.8999999999999999,,,,fit_complete
lr,baseline,123,Set_3,0.8383838383838383,0.8,0.7727272727272727,0.8333333333333334,0.8095238095238095,0.803030303030303,,,,fit_complete
lr,baseline,13,Set_0,0.8484848484848484,0.75,0.8181818181818182,0.6666666666666666,0.7826086956521738,0.7424242424242424,,,,fit_complete
lr,baseline,13,Set_1,0.8098958333333334,0.775,0.8125,0.75,0.742857142857143,0.78125,,,,fit_complete
lr,baseline,13,Set_2,0.9874999999999999,0.9,0.85,0.95,0.8947368421052632,0.8999999999999999,,,,fit_complete
lr,baseline,13,Set_3,0.8383838383838383,0.8,0.7727272727272727,0.8333333333333334,0.8095238095238095,0.803030303030303,,,,fit_complete
lr,baseline,64,Set_0,0.8484848484848484,0.75,0.8181818181818182,0.6666666666666666,0.7826086956521738,0.7424242424242424,,,,fit_complete
lr,baseline,64,Set_1,0.8098958333333334,0.775,0.8125,0.75,0.742857142857143,0.78125,,,,fit_complete
lr,baseline,64,Set_2,0.9874999999999999,0.9,0.85,0.95,0.8947368421052632,0.8999999999999999,,,,fit_complete
lr,baseline,64,Set_3,0.8383838383838383,0.8,0.7727272727272727,0.8333333333333334,0.8095238095238095,0.803030303030303,,,,fit_complete
lr,baseline,2026,Set_0,0.8484848484848484,0.75,0.8181818181818182,0.6666666666666666,0.7826086956521738,0.7424242424242424,,,,fit_complete
lr,baseline,2026,Set_1,0.8098958333333334,0.775,0.8125,0.75,0.742857142857143,0.78125,,,,fit_complete
lr,baseline,2026,Set_2,0.9874999999999999,0.9,0.85,0.95,0.8947368421052632,0.8999999999999999,,,,fit_complete
lr,baseline,2026,Set_3,0.8383838383838383,0.8,0.7727272727272727,0.8333333333333334,0.8095238095238095,0.803030303030303,,,,fit_complete
knn,baseline,1234,Set_0,0.8042929292929294,0.75,0.7272727272727273,0.7777777777777778,0.761904761904762,0.7525252525252526,,,,fit_complete
knn,baseline,1234,Set_1,0.7942708333333333,0.725,0.625,0.7916666666666666,0.6451612903225806,0.7083333333333333,,,,fit_complete
knn,baseline,1234,Set_2,0.9450000000000001,0.875,0.95,0.8,0.8837209302325583,0.875,,,,fit_complete
knn,baseline,1234,Set_3,0.7045454545454546,0.575,0.45454545454545453,0.7222222222222222,0.5405405405405405,0.5883838383838383,,,,fit_complete
knn,baseline,100,Set_0,0.8042929292929294,0.75,0.7272727272727273,0.7777777777777778,0.761904761904762,0.7525252525252526,,,,fit_complete
knn,baseline,100,Set_1,0.7942708333333333,0.725,0.625,0.7916666666666666,0.6451612903225806,0.7083333333333333,,,,fit_complete
knn,baseline,100,Set_2,0.9450000000000001,0.875,0.95,0.8,0.8837209302325583,0.875,,,,fit_complete
knn,baseline,100,Set_3,0.7045454545454546,0.575,0.45454545454545453,0.7222222222222222,0.5405405405405405,0.5883838383838383,,,,fit_complete
knn,baseline,0,Set_0,0.8042929292929294,0.75,0.7272727272727273,0.7777777777777778,0.761904761904762,0.7525252525252526,,,,fit_complete
knn,baseline,0,Set_1,0.7942708333333333,0.725,0.625,0.7916666666666666,0.6451612903225806,0.7083333333333333,,,,fit_complete
knn,baseline,0,Set_2,0.9450000000000001,0.875,0.95,0.8,0.8837209302325583,0.875,,,,fit_complete
knn,baseline,0,Set_3,0.7045454545454546,0.575,0.45454545454545453,0.7222222222222222,0.5405405405405405,0.5883838383838383,,,,fit_complete
knn,baseline,2024,Set_0,0.8042929292929294,0.75,0.7272727272727273,0.7777777777777778,0.761904761904762,0.7525252525252526,,,,fit_complete
knn,baseline,2024,Set_1,0.7942708333333333,0.725,0.625,0.7916666666666666,0.6451612903225806,0.7083333333333333,,,,fit_complete
knn,baseline,2024,Set_2,0.9450000000000001,0.875,0.95,0.8,0.8837209302325583,0.875,,,,fit_complete
knn,baseline,2024,Set_3,0.7045454545454546,0.575,0.45454545454545453,0.7222222222222222,0.5405405405405405,0.5883838383838383,,,,fit_complete
knn,baseline,42,Set_0,0.8042929292929294,0.75,0.7272727272727273,0.7777777777777778,0.761904761904762,0.7525252525252526,,,,fit_complete
knn,baseline,42,Set_1,0.7942708333333333,0.725,0.625,0.7916666666666666,0.6451612903225806,0.7083333333333333,,,,fit_complete
knn,baseline,42,Set_2,0.9450000000000001,0.875,0.95,0.8,0.8837209302325583,0.875,,,,fit_complete
knn,baseline,42,Set_3,0.7045454545454546,0.575,0.45454545454545453,0.7222222222222222,0.5405405405405405,0.5883838383838383,,,,fit_complete
knn,baseline,3,Set_0,0.8042929292929294,0.75,0.7272727272727273,0.7777777777777778,0.761904761904762,0.7525252525252526,,,,fit_complete
knn,baseline,3,Set_1,0.7942708333333333,0.725,0.625,0.7916666666666666,0.6451612903225806,0.7083333333333333,,,,fit_complete
knn,baseline,3,Set_2,0.9450000000000001,0.875,0.95,0.8,0.8837209302325583,0.875,,,,fit_complete
knn,baseline,3,Set_3,0.7045454545454546,0.575,0.45454545454545453,0.7222222222222222,0.5405405405405405,0.5883838383838383,,,,fit_complete
knn,baseline,123,Set_0,0.8042929292929294,0.75,0.7272727272727273,0.7777777777777778,0.761904761904762,0.7525252525252526,,,,fit_complete
knn,baseline,123,Set_1,0.7942708333333333,0.725,0.625,0.7916666666666666,0.6451612903225806,0.7083333333333333,,,,fit_complete
knn,baseline,123,Set_2,0.9450000000000001,0.875,0.95,0.8,0.8837209302325583,0.875,,,,fit_complete
knn,baseline,123,Set_3,0.7045454545454546,0.575,0.45454545454545453,0.7222222222222222,0.5405405405405405,0.5883838383838383,,,,fit_complete
knn,baseline,13,Set_0,0.8042929292929294,0.75,0.7272727272727273,0.7777777777777778,0.761904761904762,0.7525252525252526,,,,fit_complete
knn,baseline,13,Set_1,0.7942708333333333,0.725,0.625,0.7916666666666666,0.6451612903225806,0.7083333333333333,,,,fit_complete
knn,baseline,13,Set_2,0.9450000000000001,0.875,0.95,0.8,0.8837209302325583,0.875,,,,fit_complete
knn,baseline,13,Set_3,0.7045454545454546,0.575,0.45454545454545453,0.7222222222222222,0.5405405405405405,0.5883838383838383,,,,fit_complete
knn,baseline,64,Set_0,0.8042929292929294,0.75,0.7272727272727273,0.7777777777777778,0.761904761904762,0.7525252525252526,,,,fit_complete
knn,baseline,64,Set_1,0.7942708333333333,0.725,0.625,0.7916666666666666,0.6451612903225806,0.7083333333333333,,,,fit_complete
knn,baseline,64,Set_2,0.9450000000000001,0.875,0.95,0.8,0.8837209302325583,0.875,,,,fit_complete
knn,baseline,64,Set_3,0.7045454545454546,0.575,0.45454545454545453,0.7222222222222222,0.5405405405405405,0.5883838383838383,,,,fit_complete
knn,baseline,2026,Set_0,0.8042929292929294,0.75,0.7272727272727273,0.7777777777777778,0.761904761904762,0.7525252525252526,,,,fit_complete
knn,baseline,2026,Set_1,0.7942708333333333,0.725,0.625,0.7916666666666666,0.6451612903225806,0.7083333333333333,,,,fit_complete
knn,baseline,2026,Set_2,0.9450000000000001,0.875,0.95,0.8,0.8837209302325583,0.875,,,,fit_complete
knn,baseline,2026,Set_3,0.7045454545454546,0.575,0.45454545454545453,0.7222222222222222,0.5405405405405405,0.5883838383838383,,,,fit_complete
fnn,baseline,1234,Set_0,0.9242424242424243,0.775,0.8636363636363636,0.6666666666666666,0.8085106382978724,0.7651515151515151,18.0,39.0,early_stopping,
fnn,baseline,1234,Set_1,0.90625,0.85,0.875,0.8333333333333334,0.823529411764706,0.8541666666666667,29.0,50.0,early_stopping,
fnn,baseline,1234,Set_2,0.9850000000000001,0.9,0.9,0.9,0.9,0.9,9.0,30.0,early_stopping,
fnn,baseline,1234,Set_3,0.8863636363636364,0.825,0.8181818181818182,0.8333333333333334,0.8372093023255814,0.8257575757575758,41.0,62.0,early_stopping,
fnn,baseline,100,Set_0,0.9343434343434344,0.825,0.8636363636363636,0.7777777777777778,0.8444444444444444,0.8207070707070707,26.0,47.0,early_stopping,
fnn,baseline,100,Set_1,0.859375,0.8,0.75,0.8333333333333334,0.75,0.7916666666666667,49.0,70.0,early_stopping,
fnn,baseline,100,Set_2,0.99,0.925,0.95,0.9,0.9268292682926829,0.925,21.0,42.0,early_stopping,
fnn,baseline,100,Set_3,0.8383838383838385,0.75,0.6363636363636364,0.8888888888888888,0.7368421052631579,0.7626262626262625,41.0,62.0,early_stopping,
fnn,baseline,0,Set_0,0.904040404040404,0.775,0.7272727272727273,0.8333333333333334,0.7804878048780488,0.7803030303030303,20.0,41.0,early_stopping,
fnn,baseline,0,Set_1,0.8671875,0.825,0.8125,0.8333333333333334,0.787878787878788,0.8229166666666667,27.0,48.0,early_stopping,
fnn,baseline,0,Set_2,0.9974999999999999,0.975,1.0,0.95,0.975609756097561,0.975,21.0,42.0,early_stopping,
fnn,baseline,0,Set_3,0.9015151515151516,0.75,0.7272727272727273,0.7777777777777778,0.761904761904762,0.7525252525252526,28.0,49.0,early_stopping,
fnn,baseline,2024,Set_0,0.8914141414141414,0.725,0.7727272727272727,0.6666666666666666,0.7555555555555555,0.7196969696969697,15.0,36.0,early_stopping,
fnn,baseline,2024,Set_1,0.8776041666666666,0.85,0.875,0.8333333333333334,0.823529411764706,0.8541666666666667,23.0,44.0,early_stopping,
fnn,baseline,2024,Set_2,0.9925,0.95,1.0,0.9,0.9523809523809523,0.95,23.0,44.0,early_stopping,
fnn,baseline,2024,Set_3,0.8914141414141414,0.825,0.9090909090909091,0.7222222222222222,0.8510638297872342,0.8156565656565656,20.0,41.0,early_stopping,
fnn,baseline,42,Set_0,0.898989898989899,0.8,0.8636363636363636,0.7222222222222222,0.8260869565217391,0.7929292929292929,25.0,46.0,early_stopping,
fnn,baseline,42,Set_1,0.8854166666666667,0.85,0.875,0.8333333333333334,0.823529411764706,0.8541666666666667,65.0,86.0,early_stopping,
fnn,baseline,42,Set_2,0.9824999999999999,0.875,0.95,0.8,0.8837209302325583,0.875,22.0,43.0,early_stopping,
fnn,baseline,42,Set_3,0.851010101010101,0.75,0.7272727272727273,0.7777777777777778,0.761904761904762,0.7525252525252526,23.0,44.0,early_stopping,
fnn,baseline,3,Set_0,0.893939393939394,0.8,0.8181818181818182,0.7777777777777778,0.8181818181818182,0.797979797979798,23.0,44.0,early_stopping,
fnn,baseline,3,Set_1,0.9244791666666667,0.875,0.875,0.875,0.8484848484848485,0.875,40.0,61.0,early_stopping,
fnn,baseline,3,Set_2,0.995,0.925,0.95,0.9,0.9268292682926829,0.925,15.0,36.0,early_stopping,
fnn,baseline,3,Set_3,0.8914141414141414,0.725,0.6363636363636364,0.8333333333333334,0.717948717948718,0.7348484848484849,27.0,48.0,early_stopping,
fnn,baseline,123,Set_0,0.9368686868686869,0.825,0.9090909090909091,0.7222222222222222,0.8510638297872342,0.8156565656565656,23.0,44.0,early_stopping,
fnn,baseline,123,Set_1,0.8958333333333334,0.825,0.75,0.875,0.7741935483870969,0.8125,79.0,100.0,early_stopping,
fnn,baseline,123,Set_2,1.0,0.9,1.0,0.8,0.9090909090909091,0.9,28.0,49.0,early_stopping,
fnn,baseline,123,Set_3,0.8661616161616161,0.775,0.7272727272727273,0.8333333333333334,0.7804878048780488,0.7803030303030303,24.0,45.0,early_stopping,
fnn,baseline,13,Set_0,0.9090909090909091,0.775,0.7727272727272727,0.7777777777777778,0.7906976744186046,0.7752525252525253,18.0,39.0,early_stopping,
fnn,baseline,13,Set_1,0.8541666666666667,0.775,0.6875,0.8333333333333334,0.7096774193548386,0.7604166666666667,12.0,33.0,early_stopping,
fnn,baseline,13,Set_2,0.9974999999999999,0.975,1.0,0.95,0.975609756097561,0.975,20.0,41.0,early_stopping,
fnn,baseline,13,Set_3,0.8914141414141414,0.8,0.7272727272727273,0.8888888888888888,0.7999999999999999,0.8080808080808081,33.0,54.0,early_stopping,
fnn,baseline,64,Set_0,0.9267676767676768,0.8,0.8181818181818182,0.7777777777777778,0.8181818181818182,0.797979797979798,19.0,40.0,early_stopping,
fnn,baseline,64,Set_1,0.8984375,0.825,0.8125,0.8333333333333334,0.787878787878788,0.8229166666666667,58.0,79.0,early_stopping,
fnn,baseline,64,Set_2,0.9974999999999999,0.95,1.0,0.9,0.9523809523809523,0.95,22.0,43.0,early_stopping,
fnn,baseline,64,Set_3,0.8636363636363636,0.8,0.7727272727272727,0.8333333333333334,0.8095238095238095,0.803030303030303,24.0,45.0,early_stopping,
fnn,baseline,2026,Set_0,0.9444444444444445,0.825,0.8636363636363636,0.7777777777777778,0.8444444444444444,0.8207070707070707,20.0,41.0,early_stopping,
fnn,baseline,2026,Set_1,0.8541666666666666,0.85,0.9375,0.7916666666666666,0.8333333333333334,0.8645833333333333,19.0,40.0,early_stopping,
fnn,baseline,2026,Set_2,0.9875,0.925,0.95,0.9,0.9268292682926829,0.925,30.0,51.0,early_stopping,
fnn,baseline,2026,Set_3,0.9090909090909092,0.825,0.7727272727272727,0.8888888888888888,0.8292682926829269,0.8308080808080808,34.0,55.0,early_stopping,
fnn_cat,baseline,1234,Set_0,0.952020202020202,0.825,0.8181818181818182,0.8333333333333334,0.8372093023255814,0.8257575757575758,14.0,35.0,early_stopping,
fnn_cat,baseline,1234,Set_1,0.8567708333333334,0.825,0.6875,0.9166666666666666,0.7586206896551724,0.8020833333333333,9.0,30.0,early_stopping,
fnn_cat,baseline,1234,Set_2,0.9475,0.825,0.85,0.8,0.8292682926829269,0.825,9.0,30.0,early_stopping,
fnn_cat,baseline,1234,Set_3,0.8358585858585859,0.75,0.7272727272727273,0.7777777777777778,0.761904761904762,0.7525252525252526,15.0,36.0,early_stopping,
fnn_cat,baseline,100,Set_0,0.9595959595959596,0.925,0.9090909090909091,0.9444444444444444,0.9302325581395349,0.9267676767676767,34.0,55.0,early_stopping,
fnn_cat,baseline,100,Set_1,0.8567708333333334,0.55,0.9375,0.2916666666666667,0.625,0.6145833333333334,0.0,21.0,early_stopping,
fnn_cat,baseline,100,Set_2,0.96,0.925,0.9,0.95,0.9230769230769231,0.925,23.0,44.0,early_stopping,
fnn_cat,baseline,100,Set_3,0.8181818181818181,0.725,0.5909090909090909,0.8888888888888888,0.7027027027027029,0.7398989898989898,6.0,27.0,early_stopping,
fnn_cat,baseline,0,Set_0,0.9494949494949495,0.875,0.9090909090909091,0.8333333333333334,0.888888888888889,0.8712121212121212,22.0,43.0,early_stopping,
fnn_cat,baseline,0,Set_1,0.859375,0.75,0.8125,0.7083333333333334,0.7222222222222223,0.7604166666666667,32.0,53.0,early_stopping,
fnn_cat,baseline,0,Set_2,0.9775,0.875,0.9,0.85,0.8780487804878048,0.875,8.0,29.0,early_stopping,
fnn_cat,baseline,0,Set_3,0.8560606060606061,0.725,0.6818181818181818,0.7777777777777778,0.7317073170731707,0.7297979797979798,14.0,35.0,early_stopping,
fnn_cat,baseline,2024,Set_0,0.9545454545454545,0.9,0.9090909090909091,0.8888888888888888,0.9090909090909091,0.898989898989899,36.0,57.0,early_stopping,
fnn_cat,baseline,2024,Set_1,0.8489583333333333,0.75,0.5625,0.875,0.6428571428571429,0.71875,22.0,43.0,early_stopping,
fnn_cat,baseline,2024,Set_2,0.9425,0.85,0.9,0.8,0.8571428571428572,0.8500000000000001,12.0,33.0,early_stopping,
fnn_cat,baseline,2024,Set_3,0.8813131313131313,0.775,0.6818181818181818,0.8888888888888888,0.7692307692307693,0.7853535353535352,10.0,31.0,early_stopping,
fnn_cat,baseline,42,Set_0,0.9722222222222222,0.95,0.9090909090909091,1.0,0.9523809523809523,0.9545454545454546,25.0,46.0,early_stopping,
fnn_cat,baseline,42,Set_1,0.8802083333333334,0.825,0.6875,0.9166666666666666,0.7586206896551724,0.8020833333333333,29.0,50.0,early_stopping,
fnn_cat,baseline,42,Set_2,0.965,0.925,0.9,0.95,0.9230769230769231,0.925,30.0,51.0,early_stopping,
fnn_cat,baseline,42,Set_3,0.851010101010101,0.775,0.6363636363636364,0.9444444444444444,0.7567567567567568,0.7904040404040404,9.0,30.0,early_stopping,
fnn_cat,baseline,3,Set_0,0.9595959595959597,0.925,0.9545454545454546,0.8888888888888888,0.9333333333333332,0.9217171717171717,24.0,45.0,early_stopping,
fnn_cat,baseline,3,Set_1,0.8645833333333334,0.775,0.75,0.7916666666666666,0.7272727272727272,0.7708333333333333,31.0,52.0,early_stopping,
fnn_cat,baseline,3,Set_2,0.9575,0.875,0.9,0.85,0.8780487804878048,0.875,12.0,33.0,early_stopping,
fnn_cat,baseline,3,Set_3,0.8434343434343434,0.775,0.6363636363636364,0.9444444444444444,0.7567567567567568,0.7904040404040404,9.0,30.0,early_stopping,
fnn_cat,baseline,123,Set_0,0.952020202020202,0.9,0.9090909090909091,0.8888888888888888,0.9090909090909091,0.898989898989899,16.0,37.0,early_stopping,
fnn_cat,baseline,123,Set_1,0.84375,0.725,0.5625,0.8333333333333334,0.6206896551724138,0.6979166666666667,22.0,43.0,early_stopping,
fnn_cat,baseline,123,Set_2,0.9574999999999999,0.875,0.9,0.85,0.8780487804878048,0.875,22.0,43.0,early_stopping,
fnn_cat,baseline,123,Set_3,0.8409090909090909,0.725,0.6818181818181818,0.7777777777777778,0.7317073170731707,0.7297979797979798,8.0,29.0,early_stopping,
fnn_cat,baseline,13,Set_0,0.9520202020202021,0.9,0.9090909090909091,0.8888888888888888,0.9090909090909091,0.898989898989899,28.0,49.0,early_stopping,
fnn_cat,baseline,13,Set_1,0.8776041666666667,0.75,0.625,0.8333333333333334,0.6666666666666666,0.7291666666666667,15.0,36.0,early_stopping,
fnn_cat,baseline,13,Set_2,0.9425,0.85,0.85,0.85,0.85,0.85,18.0,39.0,early_stopping,
fnn_cat,baseline,13,Set_3,0.8409090909090909,0.725,0.7727272727272727,0.6666666666666666,0.7555555555555555,0.7196969696969697,11.0,32.0,early_stopping,
fnn_cat,baseline,64,Set_0,0.962121212121212,0.9,0.9090909090909091,0.8888888888888888,0.9090909090909091,0.898989898989899,23.0,44.0,early_stopping,
fnn_cat,baseline,64,Set_1,0.8515625,0.7,0.5,0.8333333333333334,0.5714285714285715,0.6666666666666667,35.0,56.0,early_stopping,
fnn_cat,baseline,64,Set_2,0.95,0.825,0.85,0.8,0.8292682926829269,0.825,10.0,31.0,early_stopping,
fnn_cat,baseline,64,Set_3,0.8560606060606061,0.775,0.6818181818181818,0.8888888888888888,0.7692307692307693,0.7853535353535352,23.0,44.0,early_stopping,
fnn_cat,baseline,2026,Set_0,0.9545454545454546,0.85,0.8181818181818182,0.8888888888888888,0.8571428571428572,0.8535353535353536,22.0,43.0,early_stopping,
fnn_cat,baseline,2026,Set_1,0.8541666666666667,0.75,0.625,0.8333333333333334,0.6666666666666666,0.7291666666666667,31.0,52.0,early_stopping,
fnn_cat,baseline,2026,Set_2,0.9425,0.825,0.85,0.8,0.8292682926829269,0.825,6.0,27.0,early_stopping,
fnn_cat,baseline,2026,Set_3,0.8686868686868686,0.75,0.6818181818181818,0.8333333333333334,0.7499999999999999,0.7575757575757576,16.0,37.0,early_stopping,
lr_l1,baseline,1234,Set_0,0.7575757575757576,0.725,0.8181818181818182,0.6111111111111112,0.7659574468085107,0.7146464646464648,,,,fit_complete
lr_l1,baseline,1234,Set_1,0.59375,0.6,0.5625,0.625,0.5294117647058824,0.59375,,,,fit_complete
lr_l1,baseline,1234,Set_2,0.81,0.7,0.85,0.55,0.7391304347826088,0.7,,,,fit_complete
lr_l1,baseline,1234,Set_3,0.7853535353535354,0.7,0.5454545454545454,0.8888888888888888,0.6666666666666665,0.7171717171717171,,,,fit_complete
lr_l1,baseline,100,Set_0,0.7601010101010102,0.75,0.8181818181818182,0.6666666666666666,0.7826086956521738,0.7424242424242424,,,,fit_complete
lr_l1,baseline,100,Set_1,0.6041666666666666,0.575,0.5625,0.5833333333333334,0.5142857142857142,0.5729166666666667,,,,fit_complete
lr_l1,baseline,100,Set_2,0.81,0.75,0.9,0.6,0.7826086956521738,0.75,,,,fit_complete
lr_l1,baseline,100,Set_3,0.7752525252525252,0.675,0.5454545454545454,0.8333333333333334,0.6486486486486486,0.6893939393939394,,,,fit_complete
lr_l1,baseline,0,Set_0,0.76010101010101,0.75,0.8181818181818182,0.6666666666666666,0.7826086956521738,0.7424242424242424,,,,fit_complete
lr_l1,baseline,0,Set_1,0.6067708333333334,0.6,0.5625,0.625,0.5294117647058824,0.59375,,,,fit_complete
lr_l1,baseline,0,Set_2,0.8075000000000001,0.725,0.9,0.55,0.7659574468085106,0.7250000000000001,,,,fit_complete
lr_l1,baseline,0,Set_3,0.7904040404040404,0.7,0.5454545454545454,0.8888888888888888,0.6666666666666665,0.7171717171717171,,,,fit_complete
lr_l1,baseline,2024,Set_0,0.7702020202020201,0.725,0.7727272727272727,0.6666666666666666,0.7555555555555555,0.7196969696969697,,,,fit_complete
lr_l1,baseline,2024,Set_1,0.5963541666666666,0.6,0.5625,0.625,0.5294117647058824,0.59375,,,,fit_complete
lr_l1,baseline,2024,Set_2,0.805,0.725,0.9,0.55,0.7659574468085106,0.7250000000000001,,,,fit_complete
lr_l1,baseline,2024,Set_3,0.7878787878787878,0.7,0.5454545454545454,0.8888888888888888,0.6666666666666665,0.7171717171717171,,,,fit_complete
lr_l1,baseline,42,Set_0,0.76010101010101,0.725,0.8181818181818182,0.6111111111111112,0.7659574468085107,0.7146464646464648,,,,fit_complete
lr_l1,baseline,42,Set_1,0.5885416666666667,0.575,0.5625,0.5833333333333334,0.5142857142857142,0.5729166666666667,,,,fit_complete
lr_l1,baseline,42,Set_2,0.81,0.725,0.9,0.55,0.7659574468085106,0.7250000000000001,,,,fit_complete
lr_l1,baseline,42,Set_3,0.7727272727272727,0.725,0.5909090909090909,0.8888888888888888,0.7027027027027029,0.7398989898989898,,,,fit_complete
lr_l1,baseline,3,Set_0,0.7550505050505051,0.7,0.7727272727272727,0.6111111111111112,0.7391304347826088,0.6919191919191919,,,,fit_complete
lr_l1,baseline,3,Set_1,0.5807291666666666,0.625,0.5625,0.6666666666666666,0.5454545454545455,0.6145833333333333,,,,fit_complete
lr_l1,baseline,3,Set_2,0.8025,0.75,0.9,0.6,0.7826086956521738,0.75,,,,fit_complete
lr_l1,baseline,3,Set_3,0.7828282828282828,0.7,0.5454545454545454,0.8888888888888888,0.6666666666666665,0.7171717171717171,,,,fit_complete
lr_l1,baseline,123,Set_0,0.7601010101010102,0.725,0.7727272727272727,0.6666666666666666,0.7555555555555555,0.7196969696969697,,,,fit_complete
lr_l1,baseline,123,Set_1,0.5859375,0.575,0.5625,0.5833333333333334,0.5142857142857142,0.5729166666666667,,,,fit_complete
lr_l1,baseline,123,Set_2,0.805,0.75,0.9,0.6,0.7826086956521738,0.75,,,,fit_complete
lr_l1,baseline,123,Set_3,0.7929292929292929,0.7,0.5454545454545454,0.8888888888888888,0.6666666666666665,0.7171717171717171,,,,fit_complete
lr_l1,baseline,13,Set_0,0.7601010101010102,0.725,0.8181818181818182,0.6111111111111112,0.7659574468085107,0.7146464646464648,,,,fit_complete
lr_l1,baseline,13,Set_1,0.6015625000000001,0.625,0.5625,0.6666666666666666,0.5454545454545455,0.6145833333333333,,,,fit_complete
lr_l1,baseline,13,Set_2,0.8049999999999999,0.725,0.9,0.55,0.7659574468085106,0.7250000000000001,,,,fit_complete
lr_l1,baseline,13,Set_3,0.7878787878787878,0.7,0.5454545454545454,0.8888888888888888,0.6666666666666665,0.7171717171717171,,,,fit_complete
lr_l1,baseline,64,Set_0,0.7575757575757576,0.7,0.7727272727272727,0.6111111111111112,0.7391304347826088,0.6919191919191919,,,,fit_complete
lr_l1,baseline,64,Set_1,0.5885416666666667,0.6,0.5625,0.625,0.5294117647058824,0.59375,,,,fit_complete
lr_l1,baseline,64,Set_2,0.8025,0.7,0.85,0.55,0.7391304347826088,0.7,,,,fit_complete
lr_l1,baseline,64,Set_3,0.787878787878788,0.7,0.5454545454545454,0.8888888888888888,0.6666666666666665,0.7171717171717171,,,,fit_complete
lr_l1,baseline,2026,Set_0,0.7525252525252525,0.725,0.7727272727272727,0.6666666666666666,0.7555555555555555,0.7196969696969697,,,,fit_complete
lr_l1,baseline,2026,Set_1,0.5885416666666666,0.575,0.5625,0.5833333333333334,0.5142857142857142,0.5729166666666667,,,,fit_complete
lr_l1,baseline,2026,Set_2,0.8,0.7,0.85,0.55,0.7391304347826088,0.7,,,,fit_complete
lr_l1,baseline,2026,Set_3,0.7904040404040404,0.7,0.5454545454545454,0.8888888888888888,0.6666666666666665,0.7171717171717171,,,,fit_complete
