experiment,kind,seed,fold,auc,acc,sen,spec,f1,balanced_acc
EXP-PROP-001,proposal,1234,Set_0,0.9292929292929293,0.775,0.9090909090909091,0.6111111111111112,0.8163265306122449,0.7601010101010102
EXP-PROP-001,proposal,1234,Set_1,0.8645833333333334,0.85,0.8125,0.875,0.8125,0.84375
EXP-PROP-001,proposal,1234,Set_2,0.94,0.875,0.9,0.85,0.8780487804878048,0.875
EXP-PROP-001,proposal,1234,Set_3,0.9116161616161617,0.825,0.8636363636363636,0.7777777777777778,0.8444444444444444,0.8207070707070707
EXP-PROP-001,proposal,100,Set_0,0.8484848484848485,0.775,0.9545454545454546,0.5555555555555556,0.823529411764706,0.7550505050505051
EXP-PROP-001,proposal,100,Set_1,0.765625,0.7,0.6875,0.7083333333333334,0.6470588235294118,0.6979166666666667
EXP-PROP-001,proposal,100,Set_2,0.9925,0.95,1.0,0.9,0.9523809523809523,0.95
EXP-PROP-001,proposal,100,Set_3,0.8409090909090909,0.75,0.7272727272727273,0.7777777777777778,0.761904761904762,0.7525252525252526
EXP-PROP-001,proposal,0,Set_0,0.9671717171717172,0.875,0.8636363636363636,0.8888888888888888,0.8837209302325582,0.8762626262626263
EXP-PROP-001,proposal,0,Set_1,0.8307291666666666,0.65,1.0,0.4166666666666667,0.6956521739130436,0.7083333333333334
EXP-PROP-001,proposal,0,Set_2,0.975,0.85,1.0,0.7,0.8695652173913044,0.85
EXP-PROP-001,proposal,0,Set_3,0.9545454545454546,0.85,0.8636363636363636,0.8333333333333334,0.8636363636363636,0.8484848484848485
EXP-PROP-001,proposal,2024,Set_0,0.952020202020202,0.9,0.8636363636363636,0.9444444444444444,0.9047619047619048,0.904040404040404
EXP-PROP-001,proposal,2024,Set_1,0.828125,0.8,0.8125,0.7916666666666666,0.7647058823529411,0.8020833333333333
EXP-PROP-001,proposal,2024,Set_2,0.9750000000000001,0.875,1.0,0.75,0.888888888888889,0.875
EXP-PROP-001,proposal,2024,Set_3,0.8964646464646465,0.85,0.8636363636363636,0.8333333333333334,0.8636363636363636,0.8484848484848485
EXP-PROP-001,proposal,42,Set_0,0.9292929292929293,0.8,0.8181818181818182,0.7777777777777778,0.8181818181818182,0.797979797979798
EXP-PROP-001,proposal,42,Set_1,0.8385416666666667,0.775,0.8125,0.75,0.742857142857143,0.78125
EXP-PROP-001,proposal,42,Set_2,0.9725,0.925,0.95,0.9,0.9268292682926829,0.925
EXP-PROP-001,proposal,42,Set_3,0.8686868686868687,0.8,0.6818181818181818,0.9444444444444444,0.7894736842105263,0.8131313131313131
EXP-PROP-001,proposal,3,Set_0,0.9318181818181819,0.875,0.9090909090909091,0.8333333333333334,0.888888888888889,0.8712121212121212
EXP-PROP-001,proposal,3,Set_1,0.8020833333333333,0.75,0.6875,0.7916666666666666,0.6875,0.7395833333333333
EXP-PROP-001,proposal,3,Set_2,0.9450000000000001,0.825,1.0,0.65,0.851063829787234,0.825
EXP-PROP-001,proposal,3,Set_3,0.8712121212121212,0.775,0.7727272727272727,0.7777777777777778,0.7906976744186046,0.7752525252525253
EXP-PROP-001,proposal,123,Set_0,0.946969696969697,0.85,0.8181818181818182,0.8888888888888888,0.8571428571428572,0.8535353535353536
EXP-PROP-001,proposal,123,Set_1,0.7760416666666667,0.775,0.875,0.7083333333333334,0.7567567567567567,0.7916666666666667
EXP-PROP-001,proposal,123,Set_2,0.9125000000000001,0.775,0.9,0.65,0.7999999999999999,0.775
EXP-PROP-001,proposal,123,Set_3,0.8560606060606061,0.775,0.7727272727272727,0.7777777777777778,0.7906976744186046,0.7752525252525253
EXP-PROP-001,proposal,13,Set_0,0.8914141414141414,0.8,0.7272727272727273,0.8888888888888888,0.7999999999999999,0.8080808080808081
EXP-PROP-001,proposal,13,Set_1,0.7864583333333333,0.75,0.5625,0.875,0.6428571428571429,0.71875
EXP-PROP-001,proposal,13,Set_2,0.9974999999999999,0.95,0.95,0.95,0.9500000000000001,0.95
EXP-PROP-001,proposal,13,Set_3,0.8838383838383839,0.725,0.7727272727272727,0.6666666666666666,0.7555555555555555,0.7196969696969697
EXP-PROP-001,proposal,64,Set_0,0.8712121212121212,0.675,0.9545454545454546,0.3333333333333333,0.7636363636363637,0.6439393939393939
EXP-PROP-001,proposal,64,Set_1,0.8151041666666666,0.7,0.6875,0.7083333333333334,0.6470588235294118,0.6979166666666667
EXP-PROP-001,proposal,64,Set_2,0.955,0.875,0.9,0.85,0.8780487804878048,0.875
EXP-PROP-001,proposal,64,Set_3,0.8106060606060606,0.7,0.5909090909090909,0.8333333333333334,0.6842105263157896,0.7121212121212122
EXP-PROP-001,proposal,2026,Set_0,0.9217171717171717,0.85,0.8636363636363636,0.8333333333333334,0.8636363636363636,0.8484848484848485
EXP-PROP-001,proposal,2026,Set_1,0.8098958333333333,0.725,0.625,0.7916666666666666,0.6451612903225806,0.7083333333333333
EXP-PROP-001,proposal,2026,Set_2,0.9675,0.925,0.95,0.9,0.9268292682926829,0.925
EXP-PROP-001,proposal,2026,Set_3,0.8080808080808082,0.7,0.7727272727272727,0.6111111111111112,0.7391304347826088,0.6919191919191919
EXP-PROP-002,proposal,1234,Set_0,0.9242424242424243,0.875,0.9090909090909091,0.8333333333333334,0.888888888888889,0.8712121212121212
EXP-PROP-002,proposal,1234,Set_1,0.8619791666666666,0.75,0.4375,0.9583333333333334,0.5833333333333334,0.6979166666666667
EXP-PROP-002,proposal,1234,Set_2,0.885,0.825,0.75,0.9,0.8108108108108107,0.825
EXP-PROP-002,proposal,1234,Set_3,0.8434343434343434,0.7,0.6818181818181818,0.7222222222222222,0.7142857142857143,0.702020202020202
EXP-PROP-002,proposal,100,Set_0,0.9494949494949495,0.85,0.7272727272727273,1.0,0.8421052631578948,0.8636363636363636
EXP-PROP-002,proposal,100,Set_1,0.8697916666666667,0.725,0.5,0.875,0.5925925925925926,0.6875
EXP-PROP-002,proposal,100,Set_2,0.955,0.85,0.9,0.8,0.8571428571428572,0.8500000000000001
EXP-PROP-002,proposal,100,Set_3,0.8510101010101011,0.725,0.6818181818181818,0.7777777777777778,0.7317073170731707,0.7297979797979798
EXP-PROP-002,proposal,0,Set_0,0.9419191919191919,0.8,0.9090909090909091,0.6666666666666666,0.8333333333333333,0.7878787878787878
EXP-PROP-002,proposal,0,Set_1,0.7786458333333334,0.7,0.4375,0.875,0.5384615384615384,0.65625
EXP-PROP-002,proposal,0,Set_2,0.9375,0.85,0.85,0.85,0.85,0.85
EXP-PROP-002,proposal,0,Set_3,0.8611111111111112,0.775,0.6818181818181818,0.8888888888888888,0.7692307692307693,0.7853535353535352
EXP-PROP-002,proposal,2024,Set_0,0.952020202020202,0.875,0.9090909090909091,0.8333333333333334,0.888888888888889,0.8712121212121212
EXP-PROP-002,proposal,2024,Set_1,0.8828125,0.775,0.6875,0.8333333333333334,0.7096774193548386,0.7604166666666667
EXP-PROP-002,proposal,2024,Set_2,0.925,0.8,0.6,1.0,0.7499999999999999,0.8
EXP-PROP-002,proposal,2024,Set_3,0.8308080808080808,0.725,0.6363636363636364,0.8333333333333334,0.717948717948718,0.7348484848484849
EXP-PROP-002,proposal,42,Set_0,0.9520202020202021,0.85,0.8636363636363636,0.8333333333333334,0.8636363636363636,0.8484848484848485
EXP-PROP-002,proposal,42,Set_1,0.8151041666666665,0.725,0.5625,0.8333333333333334,0.6206896551724138,0.6979166666666667
EXP-PROP-002,proposal,42,Set_2,0.9125,0.85,0.85,0.85,0.85,0.85
EXP-PROP-002,proposal,42,Set_3,0.8686868686868688,0.725,0.8636363636363636,0.5555555555555556,0.7755102040816326,0.7095959595959596
EXP-PROP-002,proposal,3,Set_0,0.9267676767676768,0.825,0.7727272727272727,0.8888888888888888,0.8292682926829269,0.8308080808080808
EXP-PROP-002,proposal,3,Set_1,0.84375,0.725,0.75,0.7083333333333334,0.6857142857142857,0.7291666666666667
EXP-PROP-002,proposal,3,Set_2,0.915,0.875,0.8,0.95,0.8648648648648648,0.875
EXP-PROP-002,proposal,3,Set_3,0.8030303030303031,0.675,0.6363636363636364,0.7222222222222222,0.6829268292682926,0.6792929292929293
EXP-PROP-002,proposal,123,Set_0,0.9116161616161617,0.85,0.8636363636363636,0.8333333333333334,0.8636363636363636,0.8484848484848485
EXP-PROP-002,proposal,123,Set_1,0.7838541666666666,0.55,1.0,0.25,0.6399999999999999,0.625
EXP-PROP-002,proposal,123,Set_2,0.895,0.85,0.8,0.9,0.8421052631578948,0.8500000000000001
EXP-PROP-002,proposal,123,Set_3,0.8434343434343434,0.75,0.6818181818181818,0.8333333333333334,0.7499999999999999,0.7575757575757576
EXP-PROP-002,proposal,13,Set_0,0.9191919191919192,0.8,0.9545454545454546,0.6111111111111112,0.84,0.7828282828282829
EXP-PROP-002,proposal,13,Set_1,0.8307291666666666,0.75,0.6875,0.7916666666666666,0.6875,0.7395833333333333
EXP-PROP-002,proposal,13,Set_2,0.9275,0.875,0.8,0.95,0.8648648648648648,0.875
EXP-PROP-002,proposal,13,Set_3,0.8055555555555556,0.725,0.6818181818181818,0.7777777777777778,0.7317073170731707,0.7297979797979798
EXP-PROP-002,proposal,64,Set_0,0.946969696969697,0.8,1.0,0.5555555555555556,0.846153846153846,0.7777777777777778
EXP-PROP-002,proposal,64,Set_1,0.8828125,0.8,0.875,0.75,0.7777777777777777,0.8125
EXP-PROP-002,proposal,64,Set_2,0.875,0.825,0.9,0.75,0.8372093023255814,0.825
EXP-PROP-002,proposal,64,Set_3,0.8560606060606061,0.75,0.6363636363636364,0.8888888888888888,0.7368421052631579,0.7626262626262625
EXP-PROP-002,proposal,2026,Set_0,0.9621212121212122,0.95,0.9545454545454546,0.9444444444444444,0.9545454545454546,0.9494949494949495
EXP-PROP-002,proposal,2026,Set_1,0.8098958333333334,0.725,0.625,0.7916666666666666,0.6451612903225806,0.7083333333333333
EXP-PROP-002,proposal,2026,Set_2,0.885,0.8,0.85,0.75,0.8095238095238095,0.8
EXP-PROP-002,proposal,2026,Set_3,0.7727272727272727,0.7,0.7272727272727273,0.6666666666666666,0.7272727272727273,0.696969696969697
EXP-PROP-003,proposal,1234,Set_0,0.9191919191919192,0.825,0.9090909090909091,0.7222222222222222,0.8510638297872342,0.8156565656565656
EXP-PROP-003,proposal,1234,Set_1,0.7552083333333334,0.725,0.5625,0.8333333333333334,0.6206896551724138,0.6979166666666667
EXP-PROP-003,proposal,1234,Set_2,0.9199999999999999,0.825,0.75,0.9,0.8108108108108107,0.825
EXP-PROP-003,proposal,1234,Set_3,0.7929292929292929,0.725,0.7727272727272727,0.6666666666666666,0.7555555555555555,0.7196969696969697
EXP-PROP-003,proposal,100,Set_0,0.8207070707070707,0.675,0.4090909090909091,1.0,0.5806451612903226,0.7045454545454546
EXP-PROP-003,proposal,100,Set_1,0.7447916666666666,0.65,0.625,0.6666666666666666,0.5882352941176471,0.6458333333333333
EXP-PROP-003,proposal,100,Set_2,0.9175,0.8,0.95,0.65,0.8260869565217392,0.8
EXP-PROP-003,proposal,100,Set_3,0.8409090909090908,0.75,0.7727272727272727,0.7222222222222222,0.7727272727272727,0.7474747474747474
EXP-PROP-003,proposal,0,Set_0,0.9343434343434344,0.775,0.9090909090909091,0.6111111111111112,0.8163265306122449,0.7601010101010102
EXP-PROP-003,proposal,0,Set_1,0.796875,0.675,0.75,0.625,0.6486486486486486,0.6875
EXP-PROP-003,proposal,0,Set_2,0.9099999999999999,0.8,0.85,0.75,0.8095238095238095,0.8
EXP-PROP-003,proposal,0,Set_3,0.8409090909090909,0.75,0.6818181818181818,0.8333333333333334,0.7499999999999999,0.7575757575757576
EXP-PROP-003,proposal,2024,Set_0,0.9696969696969697,0.825,1.0,0.6111111111111112,0.8627450980392156,0.8055555555555556
EXP-PROP-003,proposal,2024,Set_1,0.8359375,0.725,0.9375,0.5833333333333334,0.7317073170731707,0.7604166666666667
EXP-PROP-003,proposal,2024,Set_2,0.9624999999999999,0.875,0.9,0.85,0.8780487804878048,0.875
EXP-PROP-003,proposal,2024,Set_3,0.7323232323232323,0.7,0.5909090909090909,0.8333333333333334,0.6842105263157896,0.7121212121212122
EXP-PROP-003,proposal,42,Set_0,0.861111111111111,0.75,0.7272727272727273,0.7777777777777778,0.761904761904762,0.7525252525252526
EXP-PROP-003,proposal,42,Set_1,0.8828125,0.725,0.875,0.625,0.717948717948718,0.75
EXP-PROP-003,proposal,42,Set_2,0.8925000000000001,0.775,0.6,0.95,0.7272727272727274,0.7749999999999999
EXP-PROP-003,proposal,42,Set_3,0.8560606060606062,0.775,0.7272727272727273,0.8333333333333334,0.7804878048780488,0.7803030303030303
EXP-PROP-003,proposal,3,Set_0,0.9217171717171717,0.825,0.9545454545454546,0.6666666666666666,0.8571428571428572,0.8106060606060606
EXP-PROP-003,proposal,3,Set_1,0.8359375,0.75,0.5,0.9166666666666666,0.6153846153846154,0.7083333333333333
EXP-PROP-003,proposal,3,Set_2,0.95,0.775,1.0,0.55,0.8163265306122449,0.775
EXP-PROP-003,proposal,3,Set_3,0.8333333333333334,0.75,0.7272727272727273,0.7777777777777778,0.761904761904762,0.7525252525252526
EXP-PROP-003,proposal,123,Set_0,0.8964646464646465,0.775,0.5909090909090909,1.0,0.7428571428571429,0.7954545454545454
EXP-PROP-003,proposal,123,Set_1,0.8567708333333334,0.725,0.625,0.7916666666666666,0.6451612903225806,0.7083333333333333
EXP-PROP-003,proposal,123,Set_2,0.895,0.825,0.85,0.8,0.8292682926829269,0.825
EXP-PROP-003,proposal,123,Set_3,0.8156565656565656,0.65,0.8181818181818182,0.4444444444444444,0.7200000000000001,0.6313131313131313
EXP-PROP-003,proposal,13,Set_0,0.8308080808080809,0.75,0.8636363636363636,0.6111111111111112,0.7916666666666666,0.7373737373737375
EXP-PROP-003,proposal,13,Set_1,0.8489583333333334,0.75,0.8125,0.7083333333333334,0.7222222222222223,0.7604166666666667
EXP-PROP-003,proposal,13,Set_2,0.9175,0.775,0.9,0.65,0.7999999999999999,0.775
EXP-PROP-003,proposal,13,Set_3,0.7803030303030303,0.725,0.5909090909090909,0.8888888888888888,0.7027027027027029,0.7398989898989898
EXP-PROP-003,proposal,64,Set_0,0.9267676767676768,0.825,0.8636363636363636,0.7777777777777778,0.8444444444444444,0.8207070707070707
EXP-PROP-003,proposal,64,Set_1,0.7916666666666666,0.65,0.875,0.5,0.6666666666666667,0.6875
EXP-PROP-003,proposal,64,Set_2,0.845,0.725,0.9,0.55,0.7659574468085106,0.7250000000000001
EXP-PROP-003,proposal,64,Set_3,0.813131313131313,0.75,0.8181818181818182,0.6666666666666666,0.7826086956521738,0.7424242424242424
EXP-PROP-003,proposal,2026,Set_0,0.9015151515151515,0.825,0.8636363636363636,0.7777777777777778,0.8444444444444444,0.8207070707070707
EXP-PROP-003,proposal,2026,Set_1,0.7265625,0.625,0.75,0.5416666666666666,0.6153846153846153,0.6458333333333333
EXP-PROP-003,proposal,2026,Set_2,0.86,0.8,0.9,0.7,0.8181818181818182,0.8
EXP-PROP-003,proposal,2026,Set_3,0.8383838383838383,0.75,0.6818181818181818,0.8333333333333334,0.7499999999999999,0.7575757575757576
EXP-PROP-004,proposal,1234,Set_0,0.9722222222222223,0.875,0.9090909090909091,0.8333333333333334,0.888888888888889,0.8712121212121212
EXP-PROP-004,proposal,1234,Set_1,0.8177083333333334,0.75,0.8125,0.7083333333333334,0.7222222222222223,0.7604166666666667
EXP-PROP-004,proposal,1234,Set_2,0.905,0.775,0.85,0.7,0.7906976744186046,0.7749999999999999
EXP-PROP-004,proposal,1234,Set_3,0.8333333333333333,0.75,0.7272727272727273,0.7777777777777778,0.761904761904762,0.7525252525252526
EXP-PROP-004,proposal,100,Set_0,0.9595959595959596,0.875,0.9090909090909091,0.8333333333333334,0.888888888888889,0.8712121212121212
EXP-PROP-004,proposal,100,Set_1,0.8333333333333333,0.775,0.8125,0.75,0.742857142857143,0.78125
EXP-PROP-004,proposal,100,Set_2,0.9300000000000002,0.775,0.8,0.75,0.7804878048780488,0.775
EXP-PROP-004,proposal,100,Set_3,0.8282828282828283,0.75,0.7272727272727273,0.7777777777777778,0.761904761904762,0.7525252525252526
EXP-PROP-004,proposal,0,Set_0,0.9595959595959597,0.85,0.7727272727272727,0.9444444444444444,0.85,0.8585858585858586
EXP-PROP-004,proposal,0,Set_1,0.8125,0.75,0.75,0.75,0.7058823529411765,0.75
EXP-PROP-004,proposal,0,Set_2,0.9475,0.8,0.85,0.75,0.8095238095238095,0.8
EXP-PROP-004,proposal,0,Set_3,0.8409090909090909,0.75,0.7272727272727273,0.7777777777777778,0.761904761904762,0.7525252525252526
EXP-PROP-004,proposal,2024,Set_0,0.9671717171717171,0.9,0.9090909090909091,0.8888888888888888,0.9090909090909091,0.898989898989899
EXP-PROP-004,proposal,2024,Set_1,0.8307291666666666,0.725,0.6875,0.75,0.6666666666666667,0.71875
EXP-PROP-004,proposal,2024,Set_2,0.905,0.775,0.85,0.7,0.7906976744186046,0.7749999999999999
EXP-PROP-004,proposal,2024,Set_3,0.8282828282828284,0.75,0.7272727272727273,0.7777777777777778,0.761904761904762,0.7525252525252526
EXP-PROP-004,proposal,42,Set_0,0.9570707070707071,0.875,0.9090909090909091,0.8333333333333334,0.888888888888889,0.8712121212121212
EXP-PROP-004,proposal,42,Set_1,0.7838541666666667,0.7,0.6875,0.7083333333333334,0.6470588235294118,0.6979166666666667
EXP-PROP-004,proposal,42,Set_2,0.915,0.85,0.85,0.85,0.85,0.85
EXP-PROP-004,proposal,42,Set_3,0.8232323232323233,0.725,0.7272727272727273,0.7222222222222222,0.7441860465116279,0.7247474747474747
EXP-PROP-004,proposal,3,Set_0,0.9393939393939394,0.8,0.8181818181818182,0.7777777777777778,0.8181818181818182,0.797979797979798
EXP-PROP-004,proposal,3,Set_1,0.8255208333333334,0.775,0.8125,0.75,0.742857142857143,0.78125
EXP-PROP-004,proposal,3,Set_2,0.9275,0.8,0.8,0.8,0.8000000000000002,0.8
EXP-PROP-004,proposal,3,Set_3,0.835858585858586,0.775,0.7272727272727273,0.8333333333333334,0.7804878048780488,0.7803030303030303
EXP-PROP-004,proposal,123,Set_0,0.9646464646464648,0.9,0.9090909090909091,0.8888888888888888,0.9090909090909091,0.898989898989899
EXP-PROP-004,proposal,123,Set_1,0.7994791666666667,0.7,0.6875,0.7083333333333334,0.6470588235294118,0.6979166666666667
EXP-PROP-004,proposal,123,Set_2,0.9275,0.825,0.85,0.8,0.8292682926829269,0.825
EXP-PROP-004,proposal,123,Set_3,0.835858585858586,0.75,0.7272727272727273,0.7777777777777778,0.761904761904762,0.7525252525252526
EXP-PROP-004,proposal,13,Set_0,0.9595959595959596,0.9,0.9090909090909091,0.8888888888888888,0.9090909090909091,0.898989898989899
EXP-PROP-004,proposal,13,Set_1,0.7890625,0.7,0.6875,0.7083333333333334,0.6470588235294118,0.6979166666666667
EXP-PROP-004,proposal,13,Set_2,0.905,0.775,0.85,0.7,0.7906976744186046,0.7749999999999999
EXP-PROP-004,proposal,13,Set_3,0.8383838383838385,0.75,0.7272727272727273,0.7777777777777778,0.761904761904762,0.7525252525252526
EXP-PROP-004,proposal,64,Set_0,0.9696969696969697,0.925,0.9545454545454546,0.8888888888888888,0.9333333333333332,0.9217171717171717
EXP-PROP-004,proposal,64,Set_1,0.8307291666666666,0.675,0.5625,0.75,0.5806451612903225,0.65625
EXP-PROP-004,proposal,64,Set_2,0.915,0.85,0.95,0.75,0.8636363636363635,0.85
EXP-PROP-004,proposal,64,Set_3,0.8257575757575757,0.775,0.7272727272727273,0.8333333333333334,0.7804878048780488,0.7803030303030303
EXP-PROP-004,proposal,2026,Set_0,0.9520202020202021,0.925,0.9545454545454546,0.8888888888888888,0.9333333333333332,0.9217171717171717
EXP-PROP-004,proposal,2026,Set_1,0.8020833333333333,0.725,0.6875,0.75,0.6666666666666667,0.71875
EXP-PROP-004,proposal,2026,Set_2,0.935,0.825,0.85,0.8,0.8292682926829269,0.825
EXP-PROP-004,proposal,2026,Set_3,0.8181818181818181,0.75,0.7272727272727273,0.7777777777777778,0.761904761904762,0.7525252525252526
EXP-PROP-005,proposal,1234,Set_0,0.9292929292929293,0.825,0.8636363636363636,0.7777777777777778,0.8444444444444444,0.8207070707070707
EXP-PROP-005,proposal,1234,Set_1,0.8255208333333334,0.75,0.625,0.8333333333333334,0.6666666666666666,0.7291666666666667
EXP-PROP-005,proposal,1234,Set_2,0.9924999999999999,0.9,1.0,0.8,0.9090909090909091,0.9
EXP-PROP-005,proposal,1234,Set_3,0.8358585858585859,0.775,0.7727272727272727,0.7777777777777778,0.7906976744186046,0.7752525252525253
EXP-PROP-005,proposal,100,Set_0,0.9217171717171717,0.8,0.9090909090909091,0.6666666666666666,0.8333333333333333,0.7878787878787878
EXP-PROP-005,proposal,100,Set_1,0.8072916666666666,0.775,0.75,0.7916666666666666,0.7272727272727272,0.7708333333333333
EXP-PROP-005,proposal,100,Set_2,0.9625,0.85,0.9,0.8,0.8571428571428572,0.8500000000000001
EXP-PROP-005,proposal,100,Set_3,0.8636363636363636,0.7,0.5,0.9444444444444444,0.6470588235294118,0.7222222222222222
EXP-PROP-005,proposal,0,Set_0,0.9090909090909091,0.8,0.9090909090909091,0.6666666666666666,0.8333333333333333,0.7878787878787878
EXP-PROP-005,proposal,0,Set_1,0.7291666666666667,0.575,0.6875,0.5,0.5641025641025642,0.59375
EXP-PROP-005,proposal,0,Set_2,0.9775,0.9,0.95,0.85,0.9047619047619048,0.8999999999999999
EXP-PROP-005,proposal,0,Set_3,0.9343434343434344,0.8,0.8181818181818182,0.7777777777777778,0.8181818181818182,0.797979797979798
EXP-PROP-005,proposal,2024,Set_0,0.9393939393939394,0.825,0.8181818181818182,0.8333333333333334,0.8372093023255814,0.8257575757575758
EXP-PROP-005,proposal,2024,Set_1,0.8385416666666666,0.75,0.625,0.8333333333333334,0.6666666666666666,0.7291666666666667
EXP-PROP-005,proposal,2024,Set_2,0.9425,0.95,0.9,1.0,0.9473684210526316,0.95
EXP-PROP-005,proposal,2024,Set_3,0.9318181818181819,0.775,0.7727272727272727,0.7777777777777778,0.7906976744186046,0.7752525252525253
EXP-PROP-005,proposal,42,Set_0,0.9166666666666667,0.8,0.9545454545454546,0.6111111111111112,0.84,0.7828282828282829
EXP-PROP-005,proposal,42,Set_1,0.8177083333333333,0.725,0.75,0.7083333333333334,0.6857142857142857,0.7291666666666667
EXP-PROP-005,proposal,42,Set_2,0.9475,0.825,0.9,0.75,0.8372093023255814,0.825
EXP-PROP-005,proposal,42,Set_3,0.8282828282828283,0.75,0.8181818181818182,0.6666666666666666,0.7826086956521738,0.7424242424242424
EXP-PROP-005,proposal,3,Set_0,0.946969696969697,0.85,0.9545454545454546,0.7222222222222222,0.875,0.8383838383838385
EXP-PROP-005,proposal,3,Set_1,0.75,0.6,0.75,0.5,0.6,0.625
EXP-PROP-005,proposal,3,Set_2,0.935,0.8,0.9,0.7,0.8181818181818182,0.8
EXP-PROP-005,proposal,3,Set_3,0.8813131313131313,0.725,0.7727272727272727,0.6666666666666666,0.7555555555555555,0.7196969696969697
EXP-PROP-005,proposal,123,Set_0,0.8686868686868687,0.75,0.7272727272727273,0.7777777777777778,0.761904761904762,0.7525252525252526
EXP-PROP-005,proposal,123,Set_1,0.765625,0.725,0.625,0.7916666666666666,0.6451612903225806,0.7083333333333333
EXP-PROP-005,proposal,123,Set_2,0.9524999999999999,0.85,0.95,0.75,0.8636363636363635,0.85
EXP-PROP-005,proposal,123,Set_3,0.7601010101010102,0.65,0.7272727272727273,0.5555555555555556,0.6956521739130435,0.6414141414141414
EXP-PROP-005,proposal,13,Set_0,0.9166666666666666,0.775,0.7727272727272727,0.7777777777777778,0.7906976744186046,0.7752525252525253
EXP-PROP-005,proposal,13,Set_1,0.8229166666666667,0.725,0.5625,0.8333333333333334,0.6206896551724138,0.6979166666666667
EXP-PROP-005,proposal,13,Set_2,0.9349999999999999,0.9,0.9,0.9,0.9,0.9
EXP-PROP-005,proposal,13,Set_3,0.840909090909091,0.725,0.7272727272727273,0.7222222222222222,0.7441860465116279,0.7247474747474747
EXP-PROP-005,proposal,64,Set_0,0.8383838383838385,0.7,0.5909090909090909,0.8333333333333334,0.6842105263157896,0.7121212121212122
EXP-PROP-005,proposal,64,Set_1,0.8125,0.75,0.5,0.9166666666666666,0.6153846153846154,0.7083333333333333
EXP-PROP-005,proposal,64,Set_2,0.955,0.825,0.9,0.75,0.8372093023255814,0.825
EXP-PROP-005,proposal,64,Set_3,0.8712121212121212,0.775,0.7272727272727273,0.8333333333333334,0.7804878048780488,0.7803030303030303
EXP-PROP-005,proposal,2026,Set_0,0.9217171717171717,0.825,0.9090909090909091,0.7222222222222222,0.8510638297872342,0.8156565656565656
EXP-PROP-005,proposal,2026,Set_1,0.8463541666666667,0.725,0.625,0.7916666666666666,0.6451612903225806,0.7083333333333333
EXP-PROP-005,proposal,2026,Set_2,0.9575000000000001,0.875,0.9,0.85,0.8780487804878048,0.875
EXP-PROP-005,proposal,2026,Set_3,0.8484848484848485,0.725,0.7727272727272727,0.6666666666666666,0.7555555555555555,0.7196969696969697
fnn,baseline,1234,Set_0,0.8863636363636365,0.725,0.7727272727272727,0.6666666666666666,0.7555555555555555,0.7196969696969697
fnn,baseline,1234,Set_1,0.8385416666666666,0.775,0.75,0.7916666666666666,0.7272727272727272,0.7708333333333333
fnn,baseline,1234,Set_2,0.9824999999999999,0.95,0.95,0.95,0.9500000000000001,0.95
fnn,baseline,1234,Set_3,0.7954545454545454,0.725,0.6818181818181818,0.7777777777777778,0.7317073170731707,0.7297979797979798
fnn,baseline,100,Set_0,0.9015151515151516,0.8,0.8636363636363636,0.7222222222222222,0.8260869565217391,0.7929292929292929
fnn,baseline,100,Set_1,0.8020833333333333,0.7,0.8125,0.625,0.6842105263157896,0.71875
fnn,baseline,100,Set_2,0.9625,0.9,0.9,0.9,0.9,0.9
fnn,baseline,100,Set_3,0.7878787878787878,0.7,0.6363636363636364,0.7777777777777778,0.7000000000000001,0.7070707070707071
fnn,baseline,0,Set_0,0.8358585858585859,0.775,0.7727272727272727,0.7777777777777778,0.7906976744186046,0.7752525252525253
fnn,baseline,0,Set_1,0.7994791666666666,0.75,0.75,0.75,0.7058823529411765,0.75
fnn,baseline,0,Set_2,0.9924999999999999,0.95,0.95,0.95,0.9500000000000001,0.95
fnn,baseline,0,Set_3,0.8282828282828283,0.75,0.7272727272727273,0.7777777777777778,0.761904761904762,0.7525252525252526
fnn,baseline,2024,Set_0,0.8712121212121212,0.75,0.7727272727272727,0.7222222222222222,0.7727272727272727,0.7474747474747474
fnn,baseline,2024,Set_1,0.8489583333333333,0.775,0.8125,0.75,0.742857142857143,0.78125
fnn,baseline,2024,Set_2,0.9725,0.9,0.9,0.9,0.9,0.9
fnn,baseline,2024,Set_3,0.8257575757575758,0.75,0.6818181818181818,0.8333333333333334,0.7499999999999999,0.7575757575757576
fnn,baseline,42,Set_0,0.8282828282828284,0.675,0.6818181818181818,0.6666666666666666,0.6976744186046512,0.6742424242424242
fnn,baseline,42,Set_1,0.8411458333333335,0.825,0.8125,0.8333333333333334,0.787878787878788,0.8229166666666667
fnn,baseline,42,Set_2,0.9675,0.875,0.95,0.8,0.8837209302325583,0.875
fnn,baseline,42,Set_3,0.8181818181818182,0.75,0.6818181818181818,0.8333333333333334,0.7499999999999999,0.7575757575757576
fnn,baseline,3,Set_0,0.8914141414141414,0.775,0.7727272727272727,0.7777777777777778,0.7906976744186046,0.7752525252525253
fnn,baseline,3,Set_1,0.8671875,0.825,0.8125,0.8333333333333334,0.787878787878788,0.8229166666666667
fnn,baseline,3,Set_2,0.9849999999999999,0.925,0.95,0.9,0.9268292682926829,0.925
fnn,baseline,3,Set_3,0.8712121212121212,0.8,0.7727272727272727,0.8333333333333334,0.8095238095238095,0.803030303030303
fnn,baseline,123,Set_0,0.8813131313131313,0.8,0.8181818181818182,0.7777777777777778,0.8181818181818182,0.797979797979798
fnn,baseline,123,Set_1,0.8776041666666667,0.8,0.875,0.75,0.7777777777777777,0.8125
fnn,baseline,123,Set_2,1.0,0.95,1.0,0.9,0.9523809523809523,0.95
fnn,baseline,123,Set_3,0.7626262626262627,0.725,0.7272727272727273,0.7222222222222222,0.7441860465116279,0.7247474747474747
fnn,baseline,13,Set_0,0.8838383838383839,0.775,0.8181818181818182,0.7222222222222222,0.8,0.7702020202020202
fnn,baseline,13,Set_1,0.8229166666666666,0.8,0.8125,0.7916666666666666,0.7647058823529411,0.8020833333333333
fnn,baseline,13,Set_2,0.97,0.875,0.9,0.85,0.8780487804878048,0.875
fnn,baseline,13,Set_3,0.8156565656565657,0.75,0.6363636363636364,0.8888888888888888,0.7368421052631579,0.7626262626262625
fnn,baseline,64,Set_0,0.898989898989899,0.775,0.7727272727272727,0.7777777777777778,0.7906976744186046,0.7752525252525253
fnn,baseline,64,Set_1,0.859375,0.775,0.9375,0.6666666666666666,0.7692307692307693,0.8020833333333333
fnn,baseline,64,Set_2,0.98,0.875,0.85,0.9,0.8717948717948718,0.875
fnn,baseline,64,Set_3,0.8333333333333334,0.7,0.6818181818181818,0.7222222222222222,0.7142857142857143,0.702020202020202
fnn,baseline,2026,Set_0,0.888888888888889,0.775,0.8181818181818182,0.7222222222222222,0.8,0.7702020202020202
fnn,baseline,2026,Set_1,0.8463541666666666,0.825,0.875,0.7916666666666666,0.7999999999999999,0.8333333333333333
fnn,baseline,2026,Set_2,0.9825,0.925,0.9,0.95,0.9230769230769231,0.925
fnn,baseline,2026,Set_3,0.8560606060606061,0.75,0.6818181818181818,0.8333333333333334,0.7499999999999999,0.7575757575757576
fnn_cat,baseline,1234,Set_0,0.9267676767676768,0.85,0.9090909090909091,0.7777777777777778,0.8695652173913043,0.8434343434343434
fnn_cat,baseline,1234,Set_1,0.84375,0.725,0.625,0.7916666666666666,0.6451612903225806,0.7083333333333333
fnn_cat,baseline,1234,Set_2,0.915,0.825,0.85,0.8,0.8292682926829269,0.825
fnn_cat,baseline,1234,Set_3,0.8156565656565656,0.725,0.6818181818181818,0.7777777777777778,0.7317073170731707,0.7297979797979798
fnn_cat,baseline,100,Set_0,0.9444444444444444,0.925,0.9090909090909091,0.9444444444444444,0.9302325581395349,0.9267676767676767
fnn_cat,baseline,100,Set_1,0.7864583333333333,0.675,0.5625,0.75,0.5806451612903225,0.65625
fnn_cat,baseline,100,Set_2,0.9375,0.875,0.85,0.9,0.8717948717948718,0.875
fnn_cat,baseline,100,Set_3,0.7853535353535355,0.75,0.7272727272727273,0.7777777777777778,0.761904761904762,0.7525252525252526
fnn_cat,baseline,0,Set_0,0.9318181818181818,0.825,0.9090909090909091,0.7222222222222222,0.8510638297872342,0.8156565656565656
fnn_cat,baseline,0,Set_1,0.7916666666666667,0.675,0.6875,0.6666666666666666,0.6285714285714286,0.6770833333333333
fnn_cat,baseline,0,Set_2,0.935,0.9,0.8,1.0,0.888888888888889,0.9
fnn_cat,baseline,0,Set_3,0.8282828282828283,0.725,0.7272727272727273,0.7222222222222222,0.7441860465116279,0.7247474747474747
fnn_cat,baseline,2024,Set_0,0.9393939393939393,0.85,0.8636363636363636,0.8333333333333334,0.8636363636363636,0.8484848484848485
fnn_cat,baseline,2024,Set_1,0.765625,0.625,0.5625,0.6666666666666666,0.5454545454545455,0.6145833333333333
fnn_cat,baseline,2024,Set_2,0.89,0.875,0.8,0.95,0.8648648648648648,0.875
fnn_cat,baseline,2024,Set_3,0.8434343434343435,0.775,0.6818181818181818,0.8888888888888888,0.7692307692307693,0.7853535353535352
fnn_cat,baseline,42,Set_0,0.9570707070707071,0.9,0.8636363636363636,0.9444444444444444,0.9047619047619048,0.904040404040404
fnn_cat,baseline,42,Set_1,0.8515625,0.75,0.75,0.75,0.7058823529411765,0.75
fnn_cat,baseline,42,Set_2,0.9450000000000001,0.875,0.8,0.95,0.8648648648648648,0.875
fnn_cat,baseline,42,Set_3,0.8055555555555556,0.75,0.6363636363636364,0.8888888888888888,0.7368421052631579,0.7626262626262625
fnn_cat,baseline,3,Set_0,0.9444444444444444,0.85,0.9090909090909091,0.7777777777777778,0.8695652173913043,0.8434343434343434
fnn_cat,baseline,3,Set_1,0.7708333333333334,0.7,0.75,0.6666666666666666,0.6666666666666665,0.7083333333333333
fnn_cat,baseline,3,Set_2,0.935,0.875,0.85,0.9,0.8717948717948718,0.875
fnn_cat,baseline,3,Set_3,0.7676767676767677,0.7,0.7272727272727273,0.6666666666666666,0.7272727272727273,0.696969696969697
fnn_cat,baseline,123,Set_0,0.9318181818181817,0.9,0.9090909090909091,0.8888888888888888,0.9090909090909091,0.898989898989899
fnn_cat,baseline,123,Set_1,0.8020833333333334,0.65,0.5625,0.7083333333333334,0.5625,0.6354166666666667
fnn_cat,baseline,123,Set_2,0.9375,0.875,0.85,0.9,0.8717948717948718,0.875
fnn_cat,baseline,123,Set_3,0.7777777777777778,0.625,0.6818181818181818,0.5555555555555556,0.6666666666666666,0.6186868686868687
fnn_cat,baseline,13,Set_0,0.9267676767676768,0.9,0.9090909090909091,0.8888888888888888,0.9090909090909091,0.898989898989899
fnn_cat,baseline,13,Set_1,0.8489583333333335,0.725,0.5625,0.8333333333333334,0.6206896551724138,0.6979166666666667
fnn_cat,baseline,13,Set_2,0.92,0.825,0.85,0.8,0.8292682926829269,0.825
fnn_cat,baseline,13,Set_3,0.8156565656565656,0.7,0.7272727272727273,0.6666666666666666,0.7272727272727273,0.696969696969697
fnn_cat,baseline,64,Set_0,0.9444444444444445,0.925,0.9090909090909091,0.9444444444444444,0.9302325581395349,0.9267676767676767
fnn_cat,baseline,64,Set_1,0.78125,0.65,0.5625,0.7083333333333334,0.5625,0.6354166666666667
fnn_cat,baseline,64,Set_2,0.9049999999999999,0.9,0.85,0.95,0.8947368421052632,0.8999999999999999
fnn_cat,baseline,64,Set_3,0.8131313131313131,0.775,0.7272727272727273,0.8333333333333334,0.7804878048780488,0.7803030303030303
fnn_cat,baseline,2026,Set_0,0.9494949494949495,0.875,0.8181818181818182,0.9444444444444444,0.8780487804878049,0.8813131313131313
fnn_cat,baseline,2026,Set_1,0.8046875,0.675,0.625,0.7083333333333334,0.6060606060606061,0.6666666666666667
fnn_cat,baseline,2026,Set_2,0.9375,0.85,0.8,0.9,0.8421052631578948,0.8500000000000001
fnn_cat,baseline,2026,Set_3,0.8207070707070707,0.775,0.7272727272727273,0.8333333333333334,0.7804878048780488,0.7803030303030303
