subject_id,label,pc1_mean,pc2_mean
2,0,-0.28258316664025185,-0.7034191427752375
8,0,0.5089385640248656,-0.48190979128703476
11,0,-0.08455730897374451,0.4152778130210936
28,0,0.72988880031305,-0.08956722203376037
35,0,1.1100420082220808,-0.2702510069357231
36,0,0.5868920418336833,-1.0120240830195446
46,0,-1.3994824492186309,0.3380074236355722
56,0,0.9863338863054655,-0.032207097666165266
57,0,0.2707743514141049,0.8036166310611398
59,0,0.8759628891512149,-0.05352596204840776
60,0,1.475716578513384,-0.5010626306384802
69,0,0.6683828729670495,-0.5589116690887346
73,0,-0.037576038534753026,0.40209152445197105
80,0,-1.577190491850629,-0.18494388846812224
83,0,0.0075429598987102504,-0.16991837430745363
84,0,0.9389397117510899,-0.4096076560888401
88,0,1.127478999842424,0.737083553802222
94,0,0.1801390076801181,0.49501063469797374
213,1,1.7977769725769759,-0.880100868716836
214,1,1.2454574369270393,-0.09633035954050344
216,1,1.366999967910704,-0.7162758405837748
219,1,0.9530592701211572,-1.0097524025291205
236,1,2.1086825539171694,-1.3489230344817043
237,1,0.3675502148270607,0.7275755269266665
238,1,0.929110741651408,0.24045000001027875
244,1,1.2685703649724784,-0.7856950800277684
246,1,2.246812963021957,-0.05647273179219694
252,1,1.2059341825917362,0.10634745830669999
255,1,1.0847496734932065,-0.540544299101457
268,1,1.1128762020876533,-0.5392733734885329
269,1,1.231145319174975,-1.2069631133601069
274,1,0.6438748949486762,-0.2647382606193423
278,1,1.7441815055345977,-0.812601646829036
279,1,0.5819783817604184,-0.762239470332861
282,1,0.7567539521213621,-0.49472904855385424
284,1,1.0701284769177437,-0.6685216414183378
285,1,1.2914869626207899,-0.35394910152535886
290,1,0.251008316911757,0.49968890365213153
297,1,1.2992903986014426,-0.6479832931848554
302,1,1.3210514870285988,-1.1701279716938735
0,0,-1.2708014897536486,-0.9114412774145603
1,0,-0.0796742271259427,-1.4228412114083766
3,0,-1.214704837575555,-0.9132276727631689
4,0,-0.40297093617876895,-0.9263975773987018
6,0,-0.604875034717843,-0.9322955001145601
7,0,-0.7913076955638826,-0.31095282358117404
13,0,1.4551277898860222,-0.5192089602161123
21,0,0.41896485389210286,-0.18638896503485738
22,0,0.1375146664754309,0.14350691336122426
24,0,-0.48407725751399994,-0.24896080378443003
25,0,0.0854115328937769,-0.4856893953680992
29,0,0.011344109069217335,-0.05922978503083942
32,0,-0.2723308474570513,0.1170232056081295
40,0,-0.5774257761059385,-0.13116800709806306
49,0,0.19992333930955888,0.5567964021853792
55,0,-0.049650552568539064,0.04747618889740231
65,0,-0.14644333589822053,-1.895077116265893
71,0,0.2443030827306211,0.6053794697672129
77,0,-0.8994942360185086,0.1381588851287961
79,0,-0.6362200853015695,-1.665052823114152
89,0,0.5684922612644732,-0.2316918024327606
90,0,0.7056135864634263,-0.561519231647253
97,0,-0.40363727224990725,-0.9229993943497539
101,0,-0.32450833429582415,0.016458277720957995
205,1,1.2338471690456223,-0.9454625743168472
215,1,1.7859556780569255,-0.3008886132016778
217,1,1.3855635357648135,0.06865754911676049
222,1,1.2510414748566643,-1.0981622259227597
231,1,-0.074681214094162,-0.36608936144039034
241,1,2.052303352313707,-0.599658819119923
245,1,0.13540979208424686,-1.497401552721858
247,1,0.907693541944027,0.5325282282289118
249,1,0.5996876283083111,-1.095919767357409
270,1,0.31549365769083404,-0.5515680115346854
271,1,0.17919026723489015,-1.3683200235469173
276,1,-0.34764976113225626,0.20071071664793322
281,1,0.5985865721106529,0.18411473702639342
283,1,0.03342364515992813,-0.03283789530784512
292,1,0.06297495029866695,-1.161973943002522
298,1,0.925132647305727,0.18069877341389656
9,0,0.015148284593597055,-0.1466457146871835
17,0,0.43448839217424395,-0.4143332747090608
19,0,0.29839574669798213,0.10240494249143986
20,0,-1.4783911203475375,-0.6784953828704985
31,0,0.787231166837449,0.5734821223106581
34,0,0.10503658518195153,0.6566628281213344
37,0,-0.33356686487793924,-0.8556375410221517
39,0,1.758730180054489,-0.06807799537976583
41,0,0.1280494298917627,-0.3905042190142352
43,0,0.8924709609523416,-0.2878351024724543
44,0,0.8767122061409313,-0.2955218080388404
50,0,0.5478470197436635,0.09441408306134469
53,0,-0.656402476508208,0.05589972126927942
54,0,-0.2363688116989185,0.2480723033323116
62,0,1.562398516934137,0.3471343192290895
81,0,-1.634756127372384,0.974594705151394
82,0,-0.5303825321886688,0.5071087302267552
86,0,-0.21109047635924072,0.5280642212741077
91,0,-1.0577577981166542,-1.0039246376324444
102,0,-1.5483342810347676,0.13865885096602143
203,1,1.85235210231971,-0.6919646432250738
204,1,2.2347128037567976,-1.0558266745736966
207,1,1.9696448907332937,-1.3583082395039268
211,1,1.7051306143775582,-1.5593614494241774
212,1,2.5001700580120088,0.5647854143381119
220,1,2.4779353431239723,-0.5671015286631882
221,1,0.5562145285028964,-0.6632602482754737
223,1,-0.3857735136751922,-0.908321405437832
230,1,2.812942170366949,-1.2903593507196223
232,1,2.2324629938794356,-0.5957778729874679
234,1,0.18249247383326292,-0.40806377708911895
242,1,1.9726280981332671,-1.075738399080476
248,1,2.738314711228013,-0.4770395196788013
251,1,2.3898609689984127,-0.6175226410562845
264,1,1.5192329544878127,-0.4557144941800103
266,1,0.5734332123212517,-0.9726667665317654
275,1,1.7188482328131796,0.39174235008656977
293,1,0.31017007686197756,-1.1003170537017286
301,1,2.3041389610390275,-1.3594360255009057
303,1,0.7989238341047307,-1.0712316765478163
5,0,-0.3897173874732107,0.6202659505605698
12,0,-1.0153810665756464,0.960040491707623
16,0,0.8142354512959719,-0.00678897526115179
23,0,-1.7359315045177937,0.2614084943756461
26,0,0.5256091255272172,-0.26079159873278485
33,0,0.10191203221678734,-0.2093060258962214
42,0,0.4245879023335874,1.1531912283599377
45,0,0.2070265152025968,0.8793225459940731
63,0,0.48869196973189866,0.4059381342626044
64,0,-0.8962641410568418,0.9335067307110876
66,0,0.5514487074405858,-0.16548625521851007
68,0,0.08570763222873211,1.1628231195546688
70,0,1.30232237521559,0.45981275610625744
72,0,-1.305631940551102,0.4782413582038134
85,0,0.2555873363092542,1.4893216043710709
87,0,-0.614144645119086,0.6669844242930413
95,0,0.4194002493098378,0.27195621650665996
99,0,-0.2678394924714854,0.9864021361488657
206,1,1.4219841335834278,-0.7064744836528494
208,1,1.9135276763509883,-0.13163070680991729
226,1,1.6044703639112412,-0.9715210305294022
227,1,1.8652909030516942,-1.3685065461322665
228,1,1.1811940814228727,-0.37452391665428875
229,1,0.36155357137322425,0.14653915949165822
239,1,-0.07159191036131234,-1.1823000180721284
240,1,0.9783357164385368,-0.45634041319848323
250,1,1.7356494101460533,-0.2582885618462707
253,1,-0.13585456487722694,-0.6877071131952107
254,1,1.2747168277926517,-0.14984312442818074
256,1,-1.4523362419754267,-0.48444356326013804
258,1,-0.13194982341490685,-0.47576129104942083
259,1,1.2612581519382213,-0.5772995124779531
261,1,-0.273187745353207,0.7984500517137348
262,1,0.5401361717842519,0.47746749482117595
265,1,1.2172650806708158,-1.556569829419419
267,1,1.2355449113436043,-1.061608076337725
273,1,-1.1360283453855664,-1.4063018628582358
287,1,1.338266512202099,-1.4165030095726252
291,1,1.0045452963447932,-0.12569287946127883
299,1,0.2599513991549611,-0.206829278152436
