ablation_id,feature_set,input_dim,seed,status,best_epochs,epochs_trained,acc_mean,acc_sd,auc_mean,auc_sd,balanced_acc_mean,balanced_acc_sd,sen_mean,sen_sd,spec_mean,spec_sd,f1_mean,f1_sd,pre_mean,pre_sd
A0_base45,base45,45,1234,ok,"[11, 32, 29, 44]","[42, 63, 60, 75]",0.8999999999999999,0.06454972243679029,0.966545928030303,0.03770412684373469,0.9030934343434343,0.06250000000000001,0.8721590909090909,0.08771618315840464,0.9340277777777777,0.09845449221359603,0.8910299003322258,0.07814209622066781,0.9223057644110275,0.12566367054357572
A0_base45,base45,45,100,ok,"[6, 24, 54, 26]","[37, 55, 85, 57]",0.85625,0.08508574106942556,0.9616871843434344,0.028717628421384648,0.8497316919191918,0.09650959329709181,0.7883522727272727,0.20143761680527134,0.9111111111111111,0.09525793444156803,0.8306631127415857,0.12885631711780945,0.900974025974026,0.08921627016492148
A0_base45,base45,45,0,ok,"[10, 35, 37, 55]","[41, 66, 68, 86]",0.85625,0.0746519702798705,0.951545928030303,0.067261649270601,0.84927398989899,0.08330044595159813,0.8096590909090909,0.15114775532370284,0.888888888888889,0.0785674201318386,0.8365079365079364,0.11746031746031746,0.8742236024844721,0.11962234122497578
A0_base45,base45,45,2024,ok,"[25, 24, 51, 19]","[56, 55, 82, 50]",0.8375,0.10507933510765409,0.9481131628787879,0.050053135875781654,0.826278409090909,0.11370752045205956,0.8963068181818181,0.12083051317123146,0.75625,0.256202632880012,0.8524363233665558,0.07472763951262101,0.8284632034632036,0.11980442898219815
A0_base45,base45,45,42,ok,"[5, 4, 3, 9]","[36, 35, 34, 40]",0.8125,0.06614378277661477,0.9276862373737373,0.04842579721417944,0.8172506313131314,0.0643069280550744,0.7275568181818182,0.16757767975910015,0.9069444444444444,0.07900812585182161,0.785208624392685,0.09580708635516455,0.884536541889483,0.11523760874894608
A0_base45,base45,45,3,ok,"[33, 5, 9, 35]","[64, 36, 40, 66]",0.8500000000000001,0.028867513459481315,0.9385432449494949,0.045677775997973374,0.8491635101010101,0.028302426724515696,0.8497159090909092,0.06690969176895882,0.8486111111111111,0.10974859036188006,0.8496030511692965,0.019218405603834934,0.8577944862155388,0.07673849868822186
A0_base45,base45,45,123,ok,"[17, 18, 47, 8]","[48, 49, 78, 39]",0.84375,0.0590726953281576,0.9310724431818181,0.04634779268674016,0.8485164141414142,0.05716136305197714,0.8289772727272727,0.04412350404053861,0.8680555555555556,0.12292516710510881,0.8412196287196287,0.05963747083447556,0.8656565656565657,0.13410398650301342
A0_base45,base45,45,13,ok,"[10, 15, 50, 36]","[41, 46, 81, 67]",0.8375,0.06614378277661477,0.927734375,0.05259655152036178,0.8325757575757575,0.06717013491465747,0.8693181818181819,0.12636990392130515,0.7958333333333333,0.05797952668316026,0.8364825581395349,0.08133909323970331,0.8091953336518554,0.04882273163292755
A0_base45,base45,45,64,ok,"[25, 5, 8, 27]","[56, 36, 39, 58]",0.85,0.07071067811865477,0.9262981376262627,0.056139722645158256,0.842739898989899,0.09192875939959058,0.771590909090909,0.19499152344365134,0.913888888888889,0.04456003487228135,0.8187271062271062,0.13799774827245784,0.889520202020202,0.07155025746231936
A0_base45,base45,45,2026,ok,"[7, 4, 5, 2]","[38, 35, 36, 33]",0.85,0.061237243569579464,0.9240096275252525,0.05588117637225051,0.8543402777777778,0.05665744602052085,0.8156249999999999,0.13229529316519129,0.8930555555555555,0.05972760526988938,0.8385398385398386,0.07751502785365605,0.8779188948306595,0.08423701207227971
A1_freq20,base45_freq20,63,1234,ok,"[19, 4, 2, 20]","[50, 35, 33, 51]",0.8,0.1172603939955857,0.938147095959596,0.043860299005943376,0.8148674242424242,0.09988506338832474,0.9318181818181819,0.10820346103852804,0.6979166666666666,0.25417678587425374,0.8237312145848732,0.10064704476940307,0.7669182753121048,0.18964919035181926
A1_freq20,base45_freq20,63,100,ok,"[6, 24, 2, 24]","[37, 55, 33, 55]",0.8374999999999999,0.06614378277661477,0.9253369633838384,0.05160653178825407,0.8419665404040404,0.06288384525842954,0.8144886363636363,0.07056061785451584,0.8694444444444444,0.08468046937165684,0.8307692307692307,0.07722598653834102,0.8551169590643275,0.11672527804138856
A1_freq20,base45_freq20,63,0,ok,"[43, 66, 47, 15]","[74, 97, 78, 46]",0.85625,0.06574889099191455,0.9315017361111111,0.05208182200994435,0.856423611111111,0.07032118680916437,0.7718750000000001,0.09224107066312646,0.9409722222222223,0.051188297193277735,0.8378036437246963,0.08825381929020833,0.9178338001867414,0.09212284759217367
A1_freq20,base45_freq20,63,2024,ok,"[31, 14, 0, 32]","[62, 45, 31, 63]",0.71875,0.09437293044088436,0.8981904987373737,0.07832017263644155,0.7305713383838384,0.09834148968555761,0.7826704545454546,0.18662992569967624,0.6784722222222221,0.3556450625185553,0.7334117215564018,0.06514831829937683,0.7603003721424774,0.22071317898137263
A1_freq20,base45_freq20,63,42,ok,"[7, 27, 3, 10]","[38, 58, 34, 41]",0.8624999999999999,0.05951190357119041,0.9492084911616162,0.03787354528245505,0.8699652777777778,0.057244481362192415,0.809375,0.10464576462389202,0.9305555555555556,0.08333333333333333,0.8538156288156288,0.059241873235052915,0.9179566563467493,0.10204201608241997
A1_freq20,base45_freq20,63,3,ok,"[5, 3, 30, 9]","[36, 34, 61, 40]",0.78125,0.08003905296791063,0.9073398042929293,0.06790618609597486,0.7849431818181818,0.0745743296041238,0.8011363636363636,0.17345838093720167,0.76875,0.07465197027987051,0.7757815982644358,0.10489869561140185,0.7692365200588884,0.09955344714636137
A1_freq20,base45_freq20,63,123,ok,"[4, 21, 20, 12]","[35, 52, 51, 43]",0.85625,0.05543389456520864,0.9259043560606062,0.04224445812745971,0.8594065656565657,0.05305569978682221,0.8403409090909091,0.04621988260704875,0.8784722222222222,0.09027777777777778,0.8530409146688216,0.05770110301682343,0.8729010025062657,0.10985710672089485
A1_freq20,base45_freq20,63,13,ok,"[26, 36, 6, 26]","[57, 67, 37, 57]",0.85,0.05400617248673217,0.9492219065656565,0.03492575919185823,0.8458648989898991,0.040877821814246026,0.821590909090909,0.1606364322340407,0.870138888888889,0.09442742221327245,0.8395381218657081,0.06646889449966656,0.8801864801864803,0.05676553056290145
A1_freq20,base45_freq20,63,64,ok,"[7, 5, 16, 17]","[38, 36, 47, 48]",0.84375,0.0590726953281576,0.9304750631313132,0.04647030031174898,0.8510416666666667,0.05177387404393254,0.81875,0.12253597605192218,0.8833333333333333,0.11303883305208778,0.8355672105672105,0.07100484542574269,0.8777511961722487,0.13113103405314744
A1_freq20,base45_freq20,63,2026,ok,"[19, 63, 2, 13]","[50, 94, 33, 44]",0.7999999999999999,0.035355339059327355,0.9150599747474748,0.07109348729107642,0.7989425505050505,0.028787480753273486,0.7610795454545456,0.16908636510267872,0.8368055555555556,0.11805555555555557,0.7824677766464572,0.06875088763181932,0.8430049482681061,0.11616612414570801
A2_k,base45_k,46,1234,ok,"[29, 9, 7, 28]","[60, 40, 38, 59]",0.8187500000000001,0.05543389456520862,0.9272585227272727,0.039480841450819606,0.8191445707070706,0.058544558667034965,0.7730113636363636,0.12510455338179943,0.8652777777777778,0.053359368645273714,0.8033592044627698,0.08018643799961613,0.8461174242424243,0.0844452760594714
A2_k,base45_k,46,100,ok,"[6, 31, 24, 24]","[37, 62, 55, 55]",0.825,0.08897565210026095,0.9437657828282828,0.044799318293493894,0.831076388888889,0.08512836221749946,0.790625,0.0743913260202582,0.8715277777777778,0.12898733070143545,0.8172974804072365,0.09589211440428319,0.8576754385964912,0.1549437938581453
A2_k,base45_k,46,0,ok,"[8, 35, 4, 37]","[39, 66, 35, 68]",0.825,0.06123724356957945,0.9292897727272726,0.03299362721065738,0.8117108585858586,0.09009935483514868,0.7039772727272728,0.22159867896245755,0.9194444444444445,0.07049209744694176,0.7762055018152578,0.15691345231668186,0.9230263157894737,0.06493746547948537
A2_k,base45_k,46,2024,ok,"[35, 5, 46, 36]","[66, 36, 77, 67]",0.8375,0.11086778913041725,0.9308838383838384,0.06421134738459874,0.8418402777777778,0.10433507678725173,0.815625,0.16051949228545814,0.8680555555555556,0.10485881160098262,0.8272019272019273,0.12658933251163845,0.8551106025934402,0.12979760149088787
A2_k,base45_k,46,42,ok,"[5, 2, 32, 9]","[36, 33, 63, 40]",0.825,0.08897565210026095,0.9358278093434343,0.05650257288754976,0.8106218434343434,0.11928578086743553,0.7372159090909091,0.3160907682846271,0.8840277777777779,0.11153564729396584,0.7670160489309426,0.21273530157770668,0.8766666666666667,0.0822822603625494
A2_k,base45_k,46,3,ok,"[34, 12, 17, 2]","[65, 43, 48, 33]",0.7499999999999999,0.1767766952966369,0.9199794823232323,0.061325515243712124,0.7689709595959597,0.15641489615460943,0.6948863636363637,0.3762416313375158,0.8430555555555556,0.18021335092565102,0.6809930313588851,0.3089230406198913,0.8470238095238095,0.18172740252482633
A2_k,base45_k,46,123,ok,"[2, 7, 47, 47]","[33, 38, 78, 78]",0.84375,0.05543389456520863,0.94908538510101,0.025526659447106647,0.8531407828282829,0.048044391411802674,0.8014204545454546,0.17359574082558119,0.9048611111111111,0.08661367682038257,0.832360958694748,0.06655412939026277,0.900149190110827,0.0848586965490492
A2_k,base45_k,46,13,ok,"[27, 7, 4, 16]","[58, 38, 35, 47]",0.84375,0.06574889099191458,0.9263967803030304,0.050797686866241656,0.8474747474747475,0.06784616219296301,0.8227272727272728,0.08945811769166975,0.8722222222222222,0.10333930687632373,0.8348954966602026,0.0882840400205947,0.8575757575757575,0.1397229319199819
A2_k,base45_k,46,64,ok,"[14, 4, 71, 3]","[45, 35, 102, 34]",0.825,0.08897565210026095,0.9212239583333333,0.07348796179307347,0.8195233585858586,0.09471674000974431,0.7258522727272727,0.17085653356539654,0.9131944444444444,0.058239563080597814,0.7925438596491228,0.12845687344151635,0.8845108695652174,0.10381952237519193
A2_k,base45_k,46,2026,ok,"[3, 18, 15, 13]","[34, 49, 46, 44]",0.8125,0.08779711460710617,0.9207930871212122,0.05273791645603362,0.8087121212121211,0.09821739129845664,0.7903409090909091,0.11678037060515646,0.8270833333333333,0.13833918996973157,0.8014546916156398,0.11598941202588847,0.8184523809523809,0.1439688883624741
A3_freq20_k,base45_freq20_k,64,1234,ok,"[49, 19, 3, 20]","[80, 50, 34, 51]",0.75625,0.062499999999999965,0.9263825757575759,0.05869404477168638,0.7472537878787878,0.07529095739461739,0.8465909090909091,0.18311563583745183,0.6479166666666667,0.292246997611898,0.7748230022059758,0.03252618479391693,0.7483066502463054,0.11030250290608302
A3_freq20_k,base45_freq20_k,64,100,ok,"[2, 8, 12, 2]","[33, 39, 43, 33]",0.8124999999999999,0.08539125638299667,0.8957275883838384,0.07653750870971568,0.8072443181818183,0.09394925592161356,0.7644886363636363,0.1750033820019522,0.85,0.056291422791002445,0.7902985342850776,0.13010693488291267,0.8263773736919516,0.09531030492533314
A3_freq20_k,base45_freq20_k,64,0,ok,"[11, 5, 3, 49]","[42, 36, 34, 80]",0.8,0.08660254037844388,0.9391540404040405,0.050380914362350884,0.806423611111111,0.07420251579678565,0.803125,0.18147072624385205,0.8097222222222222,0.11727136059780711,0.7900206975453472,0.11103363071545033,0.8098168498168499,0.13212559319016773
A3_freq20_k,base45_freq20_k,64,2024,ok,"[8, 9, 37, 8]","[39, 40, 68, 39]",0.825,0.08897565210026095,0.9232796717171717,0.054815417533606005,0.8168718434343434,0.09731896689379875,0.7872159090909092,0.1783653560561771,0.8465277777777778,0.0534496705691496,0.8051200154858691,0.12913450913138294,0.8310817805383022,0.06940237228010075
A3_freq20_k,base45_freq20_k,64,42,ok,"[5, 1, 8, 6]","[36, 32, 39, 37]",0.78125,0.03749999999999999,0.9060172032828284,0.07140219122713795,0.7824810606060606,0.04466145165199593,0.7357954545454545,0.1778387912546954,0.8291666666666666,0.12776771296914669,0.7610115714818962,0.07832544339434452,0.8168816137566137,0.10684863600963178
A3_freq20_k,base45_freq20_k,64,3,ok,"[35, 3, 25, 20]","[66, 34, 56, 51]",0.775,0.07359800721939874,0.9433775252525253,0.041179740153778815,0.7519728535353536,0.10024647399184168,0.7463068181818182,0.30379171623435863,0.7576388888888889,0.22158908648899842,0.7345266810666696,0.1902537298289465,0.796875,0.07546369476201982
A3_freq20_k,base45_freq20_k,64,123,ok,"[38, 5, 1, 2]","[69, 36, 32, 33]",0.7874999999999999,0.03227486121839513,0.9042155934343434,0.06030709800587128,0.7818497474747474,0.04322171830481865,0.7164772727272728,0.10733073354653067,0.8472222222222222,0.1388888888888889,0.7657640232108317,0.06660511516509961,0.8407936507936508,0.12934667314767465
A3_freq20_k,base45_freq20_k,64,13,ok,"[37, 7, 22, 1]","[68, 38, 53, 32]",0.83125,0.08260094833999589,0.9212760416666668,0.07132802789276826,0.8324652777777777,0.07860181248280201,0.796875,0.21702140712413084,0.8680555555555556,0.10485881160098262,0.8094454986295594,0.11879736617524528,0.8615942028985507,0.11838903257048884
A3_freq20_k,base45_freq20_k,64,64,ok,"[5, 25, 1, 21]","[36, 56, 32, 52]",0.7937500000000001,0.04269562819149832,0.9133333333333333,0.0408011003464032,0.7920928030303029,0.04788371379349829,0.8071022727272728,0.10958841339867853,0.7770833333333332,0.09808807560622076,0.7903568720208003,0.07374880567472597,0.7819482600732601,0.09351718397991393
A3_freq20_k,base45_freq20_k,64,2026,ok,"[3, 11, 3, 3]","[34, 42, 34, 34]",0.825,0.05400617248673217,0.9146133207070707,0.05211953526431692,0.8205650252525252,0.05754931699778938,0.7946022727272728,0.08872070094111124,0.8465277777777778,0.0534496705691496,0.8153100775193799,0.0706586064364551,0.838095238095238,0.05084322977157768
A4_freq10,base45_freq10,81,1234,ok,"[29, 6, 0, 14]","[60, 37, 31, 45]",0.7125,0.14505745987941007,0.9130855429292929,0.05815771226465325,0.7164614898989898,0.15013717680527278,0.7627840909090908,0.15816661967649753,0.6701388888888888,0.454794842500915,0.7335520616770617,0.0679125244728321,0.7674632352941176,0.2200027974748741
A4_freq10,base45_freq10,81,100,ok,"[31, 5, 15, 4]","[62, 36, 46, 35]",0.8250000000000001,0.10606601717798216,0.9100560290404042,0.09014879247581399,0.8228693181818183,0.11333220582375986,0.7644886363636364,0.19368333963900716,0.8812499999999999,0.06436517314824294,0.7981692335350872,0.15258119259893116,0.8475108225108225,0.1370138988592058
A4_freq10,base45_freq10,81,0,ok,"[3, 2, 13, 3]","[34, 33, 44, 34]",0.8500000000000001,0.07359800721939873,0.9169862689393941,0.05980213449735649,0.8467013888888889,0.08684152721162035,0.753125,0.16774455595851392,0.9402777777777778,0.043832593994609724,0.820742404792469,0.11867779204107831,0.9151109307359307,0.07574030125406622
A4_freq10,base45_freq10,81,2024,ok,"[19, 6, 41, 44]","[50, 37, 72, 75]",0.8562500000000001,0.0688446318410763,0.9189204545454546,0.059913067255083156,0.8581439393939394,0.06435790732839472,0.8767045454545455,0.10608833511977105,0.8395833333333333,0.044811849458060236,0.8550901378579003,0.07551053761924066,0.8396773182957393,0.07317711662799685
A4_freq10,base45_freq10,81,42,ok,"[11, 8, 7, 9]","[42, 39, 38, 40]",0.8187499999999999,0.10282468899377555,0.9171946022727273,0.03653445648914699,0.8126262626262626,0.11581781945217316,0.7363636363636363,0.18422647458873534,0.8888888888888888,0.1014301032416974,0.7881787802840434,0.15862901847446104,0.8575634057971014,0.14618524130989627
A4_freq10,base45_freq10,81,3,ok,"[31, 3, 4, 41]","[62, 34, 35, 72]",0.84375,0.04269562819149833,0.9202327967171717,0.03744987332173514,0.842739898989899,0.04698841766963149,0.821590909090909,0.0717140595426598,0.8638888888888889,0.07335297155680873,0.8361111111111111,0.06260793149769248,0.8551328502415458,0.08541311790040293
A4_freq10,base45_freq10,81,123,ok,"[4, 5, 18, 8]","[35, 36, 49, 39]",0.825,0.07359800721939873,0.9042479482323232,0.06121303505400887,0.8191287878787878,0.07898145277421105,0.8028409090909092,0.1530607717942744,0.8354166666666667,0.05478047285083722,0.8110929434105056,0.10335220554300997,0.8261021587108544,0.0600078065796769
A4_freq10,base45_freq10,81,13,ok,"[24, 16, 2, 37]","[55, 47, 33, 68]",0.79375,0.08260094833999584,0.9388194444444444,0.03430073458997983,0.7938289141414141,0.08218262207205486,0.8508522727272727,0.10146726171393666,0.7368055555555556,0.2589486399812676,0.8084709119496856,0.04193560726896374,0.7921401515151515,0.12912736561080604
A4_freq10,base45_freq10,81,64,ok,"[41, 3, 31, 19]","[72, 34, 62, 50]",0.825,0.0912870929175277,0.9276523042929292,0.05693371393167923,0.8237847222222223,0.10206414714630839,0.7531249999999999,0.1834335790606432,0.8944444444444446,0.09362388636862617,0.7969991526136029,0.13793841012434813,0.8629319955406911,0.13442990238225183
A4_freq10,base45_freq10,81,2026,ok,"[8, 6, 43, 11]","[39, 37, 74, 42]",0.8374999999999999,0.07500000000000001,0.9034004103535354,0.07424658659506463,0.8314551767676768,0.08661822263882295,0.774715909090909,0.16435651455725891,0.8881944444444444,0.010237659438655554,0.8129870129870129,0.12372018694349762,0.8619949494949495,0.07511894115924174
